Mode,Rho_Target,Rep,Lambda_Target_rps,Lambda_Achieved_rps,InterArrival_CV,Dispatched,Completed,Rejected,Success_Pct,Throughput_rps,Mean_Latency_ms,P99_ms,Nq_Hikari_Mean,Nq_Hikari_Max,Little_Nq_Check,Heap_Mean_MB,Heap_Max_MB,Threads_Mean,Threads_Max,GC_Collections,GC_Pause_Total_ms,GC_Pause_Mean_ms,Alloc_Rate_MB_s,Heap_Delta_MB
PT,0.75,5,688.09,661.80,7.883,19854,19854,0,100.0,661.80,268.55,3051.10,21.48,282,141.66,112.8,162,242.5,1175,18,64.00,3.56,3.60,57.00
PT,0.70,20,642.22,632.73,2.176,18982,18982,0,100.0,632.73,61.60,142.21,1.30,66,4.49,111.9,161,174.1,262,15,35.00,2.33,3.60,77.00
PT,0.65,1,596.34,593.23,2.171,17797,17797,0,100.0,593.23,58.84,88.63,0.19,13,2.57,103.4,157,167.4,188,19,39.00,2.05,3.47,93.00
PT,0.65,7,596.34,601.67,2.169,18050,18050,0,100.0,601.67,58.98,85.20,0.16,6,2.70,108.3,155,168.9,193,19,48.00,2.53,3.43,48.00
VT,0.75,7,688.09,683.37,2.574,20501,20501,0,100.0,683.37,135.30,603.61,50.43,372,55.22,99.4,146,139.0,139,13,34.00,2.62,3.33,75.00
PT,0.95,12,871.58,880.10,2.191,26403,26403,0,100.0,880.10,2219.46,4899.06,1834.54,2220,1905.38,96.4,142,2038.8,2391,13,45.00,3.46,3.20,97.00
PT,0.85,5,779.83,773.30,2.266,23199,23199,0,100.0,773.30,152.32,367.02,67.50,195,75.64,96.3,143,253.1,359,9,25.00,2.78,3.23,42.00
VT,0.30,13,275.24,274.37,1.748,8231,8231,0,100.0,274.37,54.86,62.44,0.01,1,0.10,98.0,144,138.6,139,4,5.00,1.25,3.27,93.00
VT,0.95,13,871.58,866.80,3.586,26004,26004,0,100.0,866.80,4439.64,10325.33,3057.13,6182,3801.04,108.9,146,138.0,138,21,111.00,5.29,3.33,64.00
PT,0.60,6,550.47,548.83,2.085,16465,16465,0,100.0,548.83,58.99,87.13,0.02,3,2.47,99.3,146,166.4,184,20,44.00,2.20,3.33,73.00
PT,0.50,7,458.73,452.37,1.963,13571,13571,0,100.0,452.37,58.06,86.82,0.19,26,1.61,94.3,144,158.1,172,15,35.00,2.33,3.27,61.00
PT,0.65,19,596.34,601.97,2.155,18059,18059,0,100.0,601.97,59.30,83.95,0.12,5,2.89,96.5,147,168.2,195,19,45.00,2.37,3.37,13.00
PT,0.85,1,779.83,776.80,2.216,23304,23304,0,100.0,776.80,191.44,506.37,98.50,301,106.38,98.3,146,284.7,458,14,30.00,2.14,3.33,22.00
PT,0.30,18,275.24,273.80,1.666,8214,8214,0,100.0,273.80,55.36,67.77,0.00,0,0.24,101.4,146,145.8,154,5,6.00,1.20,3.33,27.00
VT,0.80,6,733.96,731.77,2.649,21953,21953,0,100.0,731.77,147.42,454.10,58.41,302,67.99,99.1,147,138.0,138,14,36.00,2.57,3.37,29.00
VT,0.80,13,733.96,738.57,2.574,22157,22157,0,100.0,738.57,90.20,294.64,19.36,160,26.37,96.8,145,139.0,139,12,41.00,3.42,3.30,40.00
VT,0.95,18,871.58,868.27,2.709,26048,26048,0,100.0,868.27,2804.03,5250.72,2062.75,3732,2387.33,101.9,140,138.9,139,15,71.00,4.73,3.13,68.00
VT,0.65,18,596.34,597.33,2.474,17920,17920,0,100.0,597.33,57.87,85.36,0.20,20,2.02,94.1,143,138.0,138,8,21.00,2.63,3.23,83.00
VT,0.65,5,596.34,591.40,2.421,17742,17742,0,100.0,591.40,58.15,86.93,0.16,8,2.16,98.5,145,138.0,138,8,23.00,2.88,3.30,29.00
VT,0.70,2,642.22,635.40,2.478,19062,19062,0,100.0,635.40,60.73,105.40,0.86,36,3.96,101.3,147,138.0,138,8,26.00,3.25,3.37,75.00
VT,1.05,12,963.32,958.13,2.731,28744,28744,0,100.0,958.13,5475.46,10766.35,4101.71,6791,5194.01,111.8,154,138.0,138,22,113.00,5.14,3.60,118.00
VT,0.30,18,275.24,274.13,1.685,8224,8224,0,100.0,274.13,54.80,62.60,0.01,1,0.08,96.7,147,138.0,138,3,4.00,1.33,3.37,5.00
PT,0.65,3,596.34,593.73,2.178,17812,17812,0,100.0,593.73,58.80,83.60,0.10,4,2.55,105.9,155,168.4,193,21,51.00,2.43,3.63,17.00
PT,0.95,2,871.58,866.57,2.215,25997,25997,0,100.0,866.57,1491.07,3060.89,1196.25,1656,1244.89,100.3,152,1394.7,1846,13,42.00,3.23,3.53,79.00
VT,0.30,17,275.24,274.97,1.731,8249,8249,0,100.0,274.97,55.18,63.36,0.00,0,0.19,102.0,150,138.2,139,4,8.00,2.00,3.47,87.00
VT,0.85,12,779.83,783.17,2.677,23495,23495,0,100.0,783.17,985.37,1826.55,678.47,1357,729.03,103.3,152,139.0,139,13,36.00,2.77,3.53,24.00
PT,0.80,2,733.96,731.13,2.209,21934,21934,0,100.0,731.13,68.82,146.49,5.17,58,10.47,98.0,149,185.8,227,15,26.00,1.73,3.43,101.00
PT,0.95,6,871.58,872.33,2.182,26170,26170,0,100.0,872.33,2105.86,5349.41,1655.79,2536,1789.47,99.8,148,1859.0,2707,9,38.00,4.22,3.40,37.00
PT,0.30,11,275.24,273.47,1.620,8204,8204,0,100.0,273.47,54.64,63.28,0.01,1,0.04,103.0,150,146.4,160,1,1.00,1.00,3.47,91.00
VT,0.70,3,642.22,647.27,2.580,19418,19418,0,100.0,647.27,58.09,86.28,0.51,15,2.33,98.2,149,138.0,138,6,13.00,2.17,3.43,66.00
PT,0.80,19,733.96,740.10,2.177,22203,22203,0,100.0,740.10,75.75,223.15,9.86,129,15.73,100.4,144,192.7,314,11,27.00,2.45,3.27,85.00
VT,0.80,10,733.96,730.50,2.641,21915,21915,0,100.0,730.50,251.28,727.25,138.50,445,143.75,94.3,144,138.0,138,8,31.00,3.88,3.27,24.00
VT,0.50,11,458.73,466.13,2.212,13984,13984,0,100.0,466.13,55.83,71.57,0.01,1,0.62,99.1,149,138.0,138,4,8.00,2.00,3.43,75.00
PT,0.30,3,275.24,274.53,1.642,8236,8236,0,100.0,274.53,54.74,64.16,0.00,0,0.07,97.8,146,149.7,162,8,9.00,1.13,3.33,93.00
VT,0.85,1,779.83,782.77,2.628,23483,23483,0,100.0,782.77,756.28,1553.26,517.88,938,549.33,102.1,149,138.0,138,9,39.00,4.33,3.43,19.00
VT,0.60,14,550.47,551.83,2.393,16555,16555,0,100.0,551.83,58.00,80.25,0.01,1,1.93,100.9,147,138.0,138,5,17.00,3.40,3.37,61.00
VT,0.95,2,871.58,874.37,2.711,26231,26231,0,100.0,874.37,2583.93,5518.18,1844.63,3812,2211.65,102.7,152,138.0,138,11,89.00,8.09,3.53,44.00
PT,0.85,17,779.83,781.33,2.170,23440,23440,0,100.0,781.33,140.92,336.96,59.48,196,67.53,98.2,147,247.7,382,9,28.00,3.11,3.37,38.00
PT,0.60,9,550.47,555.47,2.146,16664,16664,0,100.0,555.47,59.29,83.09,0.06,9,2.66,97.5,151,164.5,180,8,22.00,2.75,3.50,89.00
VT,0.60,13,550.47,552.77,2.402,16583,16583,0,100.0,552.77,58.99,81.80,0.01,2,2.48,101.2,151,138.0,138,5,14.00,2.80,3.50,63.00
PT,0.85,12,779.83,779.73,2.252,23392,23392,0,100.0,779.73,362.29,851.03,226.84,433,240.00,100.7,149,422.1,592,9,26.00,2.89,3.43,24.00
PT,0.85,4,779.83,786.50,2.226,23595,23595,0,100.0,786.50,788.59,1777.46,560.58,751,577.36,102.5,149,757.8,921,5,12.00,2.40,3.43,104.00
PT,0.85,10,779.83,782.57,2.137,23477,23477,0,100.0,782.57,175.95,440.94,85.38,281,95.05,94.0,138,271.9,459,6,16.00,2.67,3.07,20.00
VT,0.80,4,733.96,734.63,2.566,22039,22039,0,100.0,734.63,284.63,770.16,155.79,488,169.06,96.0,143,138.0,138,9,48.00,5.33,3.23,9.00
PT,0.80,8,733.96,740.50,2.288,22215,22215,0,100.0,740.50,66.01,133.32,3.98,37,8.52,90.0,143,180.5,217,13,35.00,2.69,3.23,12.00
PT,0.95,20,871.58,872.67,2.207,26180,26180,0,100.0,872.67,2189.14,5076.16,1724.78,2548,1862.83,98.2,144,1926.4,2717,7,36.00,5.14,3.27,66.00
PT,0.30,2,275.24,272.60,1.690,8178,8178,0,100.0,272.60,54.29,62.11,0.00,0,0.00,99.8,144,146.2,152,1,1.00,1.00,3.27,83.00
PT,0.85,9,779.83,780.50,2.287,23415,23415,0,100.0,780.50,189.26,425.84,93.34,276,105.18,94.0,135,272.7,440,5,9.00,1.80,2.97,80.00
VT,0.60,19,550.47,543.27,2.356,16298,16298,0,100.0,543.27,57.36,77.57,0.00,0,1.55,95.6,137,138.0,138,5,7.00,1.40,3.03,93.00
VT,0.70,16,642.22,647.50,2.560,19425,19425,0,100.0,647.50,61.74,90.73,0.39,13,4.69,94.1,141,138.0,138,7,24.00,3.43,3.17,24.00
VT,0.80,12,733.96,729.93,2.633,21898,21898,0,100.0,729.93,88.78,246.96,18.24,133,25.02,93.2,139,138.0,138,8,23.00,2.88,3.10,64.00
VT,0.60,17,550.47,547.83,2.397,16435,16435,0,100.0,547.83,57.46,80.15,0.10,13,1.62,99.8,143,138.0,138,6,21.00,3.50,3.23,6.00
PT,0.30,12,275.24,272.90,1.657,8187,8187,0,100.0,272.90,54.97,65.11,0.00,0,0.13,94.4,141,149.4,159,9,11.00,1.22,3.17,29.00
VT,1.05,2,963.32,966.57,2.741,28997,28997,0,100.0,966.57,5802.14,11618.78,4356.87,7167,5555.47,112.4,146,138.0,138,22,132.00,6.00,3.33,60.00
VT,0.80,16,733.96,728.97,2.678,21869,21869,0,100.0,728.97,107.14,250.76,30.68,148,38.38,100.9,152,138.0,138,12,27.00,2.25,3.53,32.00
PT,0.70,5,642.22,638.60,2.173,19158,19158,0,100.0,638.60,59.93,88.42,0.18,6,3.47,93.7,147,172.7,194,23,46.00,2.00,3.37,50.00
PT,1.05,15,963.32,959.37,2.103,28781,28781,0,100.0,959.37,4552.36,9696.95,3698.68,5464,4315.10,109.6,151,3924.0,5633,13,44.00,3.38,3.50,96.00
VT,0.30,12,275.24,279.10,1.772,8373,8373,0,100.0,279.10,55.49,65.82,0.00,0,0.28,103.0,151,138.0,138,4,7.00,1.75,3.50,89.00
VT,0.75,5,688.09,694.57,2.511,20837,20837,0,100.0,694.57,64.28,109.03,2.16,41,6.79,101.6,152,138.0,138,11,30.00,2.73,3.53,26.00
PT,0.80,1,733.96,737.47,2.167,22124,22124,0,100.0,737.47,86.95,214.83,16.69,103,23.93,101.9,147,198.6,293,12,44.00,3.67,3.37,48.00
VT,0.70,8,642.22,638.60,2.512,19158,19158,0,100.0,638.60,62.43,108.19,1.29,38,5.07,97.9,145,138.0,138,6,23.00,3.83,3.30,62.00
VT,0.80,8,733.96,734.40,2.665,22032,22032,0,100.0,734.40,90.05,301.80,19.39,172,26.11,102.8,150,138.0,138,7,25.00,3.57,3.47,104.00
PT,0.75,11,688.09,690.43,2.212,20713,20713,0,100.0,690.43,73.59,169.44,7.03,70,13.18,99.1,150,188.8,261,10,19.00,1.90,3.47,106.00
PT,0.75,17,688.09,692.30,2.221,20769,20769,0,100.0,692.30,66.57,152.98,3.43,53,8.36,97.7,151,178.6,232,10,22.00,2.20,3.50,44.00
PT,0.85,16,779.83,780.03,2.216,23401,23401,0,100.0,780.03,234.07,670.17,127.90,416,140.07,96.1,143,314.4,605,8,32.00,4.00,3.23,68.00
VT,0.50,7,458.73,456.87,2.198,13706,13706,0,100.0,456.87,56.87,73.53,0.01,1,1.08,96.3,147,138.0,138,4,9.00,2.25,3.37,65.00
PT,0.65,15,596.34,587.00,2.233,17610,17610,0,100.0,587.00,56.93,81.07,0.14,13,1.43,98.9,151,168.4,191,10,29.00,2.90,3.50,101.00
PT,0.95,14,871.58,870.03,2.160,26101,26101,0,100.0,870.03,1478.91,3636.56,1173.62,1741,1239.28,104.0,150,1383.1,1900,7,25.00,3.57,3.47,19.00
PT,0.50,19,458.73,458.07,2.039,13742,13742,0,100.0,458.07,55.78,73.96,0.00,0,0.59,103.5,151,157.9,177,3,5.00,1.67,3.50,21.00
PT,0.65,16,596.34,594.63,2.143,17839,17839,0,100.0,594.63,59.77,86.27,0.16,7,3.13,94.7,148,168.7,188,5,8.00,1.60,3.40,31.00
PT,0.60,5,550.47,551.97,2.126,16559,16559,0,100.0,551.97,57.82,83.35,0.10,6,1.83,101.8,151,163.8,187,11,32.00,2.91,3.50,14.00
VT,0.60,3,550.47,547.07,2.394,16412,16412,0,100.0,547.07,57.36,81.96,0.05,6,1.56,99.3,147,138.0,138,5,23.00,4.60,3.37,60.00
VT,0.65,1,596.34,592.17,2.421,17765,17765,0,100.0,592.17,57.52,86.19,0.16,16,1.79,103.3,149,138.0,138,6,13.00,2.17,3.43,4.00
PT,0.75,20,688.09,690.70,2.222,20721,20721,0,100.0,690.70,64.83,118.66,1.92,29,7.14,103.7,151,182.1,210,12,27.00,2.25,3.50,4.00
VT,0.85,20,779.83,771.57,2.682,23147,23147,0,100.0,771.57,300.17,685.20,175.84,511,189.55,99.8,150,138.0,138,9,25.00,2.78,3.47,4.00
VT,1.05,18,963.32,967.13,2.859,29014,29014,0,100.0,967.13,5869.95,10456.44,4398.79,7364,5624.32,117.7,150,138.0,138,20,118.00,5.90,3.47,57.00
PT,0.70,16,642.22,637.77,2.166,19133,19133,0,100.0,637.77,62.48,103.00,0.74,21,5.09,94.1,137,176.9,215,21,57.00,2.71,3.03,38.00
PT,0.70,19,642.22,640.57,2.154,19217,19217,0,100.0,640.57,62.16,98.55,0.45,22,4.91,97.1,145,175.1,197,17,32.00,1.88,3.30,52.00
VT,0.65,4,596.34,589.03,2.430,17671,17671,0,100.0,589.03,56.79,81.55,0.14,13,1.35,99.8,147,138.0,138,10,15.00,1.50,3.37,20.00
VT,0.50,8,458.73,458.10,2.237,13743,13743,0,100.0,458.10,57.65,77.49,0.00,0,1.44,99.7,143,138.0,138,8,23.00,2.88,3.23,87.00
VT,0.30,6,275.24,275.13,1.698,8254,8254,0,100.0,275.13,55.10,65.11,0.00,0,0.17,100.7,148,138.0,138,4,9.00,2.25,3.40,95.00
PT,0.95,13,871.58,871.37,2.175,26141,26141,0,100.0,871.37,1685.73,3571.46,1347.82,1938,1421.40,96.9,147,1550.6,2123,13,29.00,2.23,3.37,89.00
VT,0.65,17,596.34,596.17,2.505,17885,17885,0,100.0,596.17,58.37,87.97,0.22,19,2.31,98.3,147,138.6,139,10,36.00,3.60,3.37,36.00
PT,0.70,3,642.22,647.47,2.299,19424,19424,0,100.0,647.47,84.54,445.19,15.35,303,19.45,101.1,145,201.2,479,10,31.00,3.10,3.30,93.00
PT,0.50,8,458.73,462.03,2.036,13861,13861,0,100.0,462.03,56.62,79.99,0.00,0,0.98,97.3,147,157.7,170,8,21.00,2.63,3.37,22.00
PT,0.70,12,642.22,641.63,2.306,19249,19249,0,100.0,641.63,57.18,81.03,0.10,6,1.72,101.8,147,169.5,186,12,33.00,2.75,3.33,47.00
VT,0.85,4,779.83,775.83,2.690,23275,23275,0,100.0,775.83,346.30,668.43,214.78,453,226.39,99.1,145,138.0,138,9,33.00,3.67,3.27,29.00
VT,0.30,1,275.24,278.83,1.712,8365,8365,0,100.0,278.83,54.84,63.84,0.00,0,0.10,102.9,149,138.0,138,2,4.00,2.00,3.40,94.00
PT,0.80,17,733.96,733.93,2.235,22018,22018,0,100.0,733.93,75.05,255.07,10.24,180,15.08,99.4,148,191.7,341,9,23.00,2.56,3.37,87.00
PT,0.60,20,550.47,548.00,2.139,16440,16440,0,100.0,548.00,56.65,82.85,0.18,16,1.18,101.5,147,163.8,191,9,17.00,1.89,3.33,27.00
PT,0.50,14,458.73,459.53,2.056,13786,13786,0,100.0,459.53,55.36,72.34,0.00,0,0.39,99.3,145,158.0,170,10,14.00,1.40,3.27,16.00
VT,0.85,16,779.83,779.10,2.664,23373,23373,0,100.0,779.10,350.47,704.69,219.89,474,230.59,100.9,148,138.0,138,9,29.00,3.22,3.37,24.00
PT,0.95,17,871.58,864.63,2.185,25939,25939,0,100.0,864.63,2137.10,5294.88,1662.53,2664,1800.69,102.7,148,1869.9,2847,7,30.00,4.29,3.37,79.00
PT,0.60,1,550.47,554.43,2.120,16633,16633,0,100.0,554.43,58.84,82.96,0.10,10,2.41,94.9,149,167.9,201,3,8.00,2.67,3.40,70.00
PT,1.05,18,963.32,965.10,2.053,28953,28953,0,100.0,965.10,4090.26,8662.15,3348.76,5216,3894.92,97.3,148,3558.7,5391,7,51.00,7.29,3.37,16.00
VT,0.80,3,733.96,726.57,2.537,21797,21797,0,100.0,726.57,115.20,339.35,35.95,208,44.10,94.8,144,138.0,138,8,18.00,2.25,3.23,36.00
PT,0.70,10,642.22,640.00,2.200,19200,19200,0,100.0,640.00,58.44,84.87,0.27,12,2.52,93.3,139,172.4,190,11,21.00,1.91,3.07,31.00
VT,0.95,11,871.58,876.37,2.600,26291,26291,0,100.0,876.37,3110.75,6147.12,2410.49,3574,2678.40,100.7,138,138.0,138,13,61.00,4.69,3.03,51.00
VT,0.70,15,642.22,639.90,2.553,19197,19197,0,100.0,639.90,57.43,84.47,0.08,6,1.88,94.1,142,138.0,138,9,17.00,1.89,3.17,17.00
PT,0.95,4,871.58,876.07,2.109,26282,26282,0,100.0,876.07,2258.02,5280.39,1812.03,2455,1930.43,99.0,144,2016.9,2646,11,29.00,2.64,3.23,101.00
PT,0.85,6,779.83,770.40,2.249,23112,23112,0,100.0,770.40,100.37,226.99,28.85,133,35.34,102.4,147,215.4,321,9,13.00,1.44,3.33,29.00
VT,0.65,12,596.34,600.07,2.486,18002,18002,0,100.0,600.07,57.32,80.42,0.00,0,1.69,99.3,147,138.5,139,6,17.00,2.83,3.33,35.00
PT,0.30,15,275.24,277.83,1.662,8335,8335,0,100.0,277.83,55.51,67.90,0.00,0,0.28,97.8,147,150.9,160,12,28.00,2.33,3.33,38.00
PT,0.85,20,779.83,777.00,2.212,23310,23310,0,100.0,777.00,185.66,438.18,92.97,251,101.91,94.6,142,283.4,457,9,25.00,2.78,3.17,19.00
PT,0.30,17,275.24,276.20,1.691,8286,8286,0,100.0,276.20,54.45,62.48,0.00,0,0.00,106.9,149,147.6,156,2,5.00,2.50,3.40,100.00
VT,0.30,8,275.24,276.87,1.740,8306,8306,0,100.0,276.87,55.15,64.61,0.00,0,0.18,101.1,147,138.0,138,2,4.00,2.00,3.33,92.00
VT,0.85,11,779.83,778.27,2.648,23348,23348,0,100.0,778.27,574.25,1034.39,386.47,762,404.51,93.6,145,138.0,138,9,23.00,2.56,3.27,30.00
VT,0.75,4,688.09,687.77,2.618,20633,20633,0,100.0,687.77,80.03,225.20,9.51,97,17.56,104.0,148,138.0,138,7,21.00,3.00,3.37,61.00
VT,0.75,12,688.09,683.20,2.554,20496,20496,0,100.0,683.20,58.43,95.82,0.67,23,2.69,97.7,145,138.0,138,7,16.00,2.29,3.27,35.00
PT,0.95,1,871.58,872.40,2.126,26172,26172,0,100.0,872.40,2240.39,4801.49,1724.52,2795,1906.98,100.4,147,1927.6,2891,8,26.00,3.25,3.33,83.00
PT,0.75,13,688.09,692.33,2.225,20770,20770,0,100.0,692.33,59.85,98.19,1.20,22,3.70,96.7,147,170.7,193,4,5.00,1.25,3.33,65.00
VT,0.75,2,688.09,685.93,2.497,20578,20578,0,100.0,685.93,65.64,196.07,3.49,94,7.65,100.0,147,138.0,138,7,15.00,2.14,3.33,43.00
VT,0.85,15,779.83,777.60,2.723,23328,23328,0,100.0,777.60,1283.77,2121.65,894.69,1387,955.88,98.2,144,138.0,138,9,36.00,4.00,3.23,66.00
VT,0.30,14,275.24,273.93,1.732,8218,8218,0,100.0,273.93,55.03,64.95,0.01,1,0.15,99.1,146,138.0,138,2,3.00,1.50,3.30,92.00
VT,0.60,2,550.47,556.57,2.411,16697,16697,0,100.0,556.57,56.68,79.23,0.00,0,1.21,96.4,143,139.0,139,5,9.00,1.80,3.20,87.00
PT,0.30,9,275.24,268.40,1.675,8052,8052,0,100.0,268.40,54.61,63.08,0.00,0,0.03,98.0,147,150.3,161,9,11.00,1.22,3.33,30.00
PT,0.65,18,596.34,604.63,2.170,18139,18139,0,100.0,604.63,59.69,87.54,0.19,10,3.14,98.7,147,168.1,185,12,33.00,2.75,3.33,1.00
VT,0.30,5,275.24,273.30,1.695,8199,8199,0,100.0,273.30,54.47,62.04,0.00,0,0.00,100.9,149,138.0,138,2,3.00,1.50,3.40,90.00
PT,0.30,16,275.24,279.30,1.669,8379,8379,0,100.0,279.30,54.66,64.68,0.00,0,0.04,96.0,147,149.7,156,8,12.00,1.50,3.33,82.00
PT,1.05,10,963.32,960.23,2.003,28807,28807,0,100.0,960.23,4756.00,9820.77,3939.07,5669,4514.53,98.1,143,4156.8,5803,8,44.00,5.50,3.20,72.00
VT,0.95,15,871.58,869.93,2.710,26098,26098,0,100.0,869.93,2651.54,5108.04,1945.17,3760,2259.25,97.3,136,138.0,138,12,57.00,4.75,2.97,37.00
VT,0.65,2,596.34,604.57,2.456,18137,18137,0,100.0,604.57,59.55,88.70,0.29,24,3.06,90.8,134,138.0,138,8,20.00,2.50,2.90,75.00
VT,0.75,1,688.09,681.57,2.563,20447,20447,0,100.0,681.57,62.49,159.32,2.37,71,5.44,92.7,141,138.0,138,11,38.00,3.45,3.13,45.00
VT,0.50,3,458.73,462.40,2.147,13872,13872,0,100.0,462.40,56.62,76.37,0.01,1,0.98,94.0,137,138.0,138,4,10.00,2.50,3.00,87.00
VT,0.95,3,871.58,875.70,2.752,26271,26271,0,100.0,875.70,3569.41,6401.67,2577.01,4743,3078.01,101.2,140,138.8,139,15,111.00,7.40,3.10,104.00
VT,0.70,7,642.22,641.70,2.502,19251,19251,0,100.0,641.70,58.29,93.77,0.61,26,2.43,96.5,143,139.0,139,11,32.00,2.91,3.20,32.00
PT,0.65,8,596.34,600.77,2.224,18023,18023,0,100.0,600.77,57.01,79.78,0.06,6,1.51,95.6,148,171.8,190,18,28.00,1.56,3.37,11.00
VT,0.75,11,688.09,696.00,2.606,20880,20880,0,100.0,696.00,60.72,131.17,1.63,51,4.33,95.3,144,138.0,138,9,17.00,1.89,3.27,48.00
PT,0.75,12,688.09,694.33,2.227,20830,20830,0,100.0,694.33,65.61,181.04,3.50,66,7.71,98.6,145,180.4,255,13,27.00,2.08,3.30,92.00
VT,0.60,5,550.47,551.33,2.400,16540,16540,0,100.0,551.33,57.11,78.14,0.01,1,1.44,98.3,145,138.0,138,5,9.00,1.80,3.30,79.00
PT,0.65,20,596.34,593.07,2.165,17792,17792,0,100.0,593.07,59.36,88.52,0.18,14,2.88,100.6,147,171.6,196,12,19.00,1.58,3.37,87.00
VT,0.70,20,642.22,641.77,2.531,19253,19253,0,100.0,641.77,60.43,91.88,0.18,11,3.80,97.7,147,138.0,138,6,15.00,2.50,3.37,86.00
VT,0.85,9,779.83,775.13,2.697,23254,23254,0,100.0,775.13,819.08,1214.90,580.84,867,592.65,93.4,135,138.0,138,9,30.00,3.33,2.97,54.00
PT,1.05,6,963.32,964.73,2.084,28942,28942,0,100.0,964.73,4160.40,8932.53,3354.78,5341,3961.10,98.8,147,3572.0,5455,8,46.00,5.75,3.37,65.00
VT,0.65,8,596.34,593.87,2.488,17816,17816,0,100.0,593.87,56.43,81.93,0.02,2,1.15,92.7,141,138.0,138,6,11.00,1.83,3.17,30.00
PT,0.65,10,596.34,604.00,2.118,18120,18120,0,100.0,604.00,59.11,84.68,0.15,12,2.78,90.8,139,168.9,184,6,11.00,1.83,3.10,56.00
VT,1.05,11,963.32,951.87,2.813,28556,28556,0,100.0,951.87,6114.75,11075.09,4486.53,7490,5768.55,113.9,161,138.0,138,20,144.00,7.20,3.83,124.00
VT,0.65,7,596.34,593.30,2.380,17799,17799,0,100.0,593.30,59.71,86.67,0.23,11,3.09,91.2,145,138.0,138,10,21.00,2.10,3.30,70.00
PT,0.50,10,458.73,464.43,2.055,13933,13933,0,100.0,464.43,56.74,75.42,0.00,0,1.04,96.6,147,161.3,187,19,39.00,2.05,3.37,53.00
PT,0.30,10,275.24,275.80,1.662,8274,8274,0,100.0,275.80,54.09,62.42,0.00,0,0.00,98.9,143,149.3,158,14,23.00,1.64,3.23,29.00
VT,0.65,11,596.34,596.77,2.465,17903,17903,0,100.0,596.77,57.95,83.35,0.10,9,2.06,97.5,143,138.0,138,12,37.00,3.08,3.23,52.00
VT,0.30,20,275.24,276.50,1.691,8295,8295,0,100.0,276.50,54.85,62.82,0.00,0,0.10,99.0,143,138.0,138,5,6.00,1.20,3.23,7.00
VT,0.60,4,550.47,556.77,2.310,16703,16703,0,100.0,556.77,59.09,86.31,0.06,9,2.56,97.5,141,138.0,138,10,21.00,2.10,3.17,12.00
PT,1.05,4,963.32,956.47,2.048,28694,28694,0,100.0,956.47,4039.67,8800.46,3345.31,4828,3811.68,95.7,138,3569.9,5009,13,60.00,4.62,3.07,13.00
VT,0.70,1,642.22,643.93,2.512,19318,19318,0,100.0,643.93,61.87,100.55,0.60,14,4.74,98.5,142,139.0,139,9,44.00,4.89,3.20,16.00
PT,1.05,20,963.32,961.33,2.051,28840,28840,0,100.0,961.33,3828.48,8113.99,3097.58,4996,3628.05,99.2,141,3321.6,5178,12,48.00,4.00,3.17,5.00
VT,0.30,19,275.24,273.37,1.692,8201,8201,0,100.0,273.37,54.63,63.28,0.00,0,0.04,94.4,139,138.0,138,5,13.00,2.60,3.10,15.00
PT,0.70,2,642.22,636.40,2.176,19092,19092,0,100.0,636.40,59.75,88.46,0.49,15,3.34,92.9,139,174.8,199,5,7.00,1.40,3.10,69.00
VT,0.95,8,871.58,870.50,2.761,26115,26115,0,100.0,870.50,3235.85,5747.19,2384.08,4255,2769.37,99.4,140,138.0,138,18,103.00,5.72,3.13,64.00
PT,0.65,9,596.34,592.53,2.212,17776,17776,0,100.0,592.53,58.42,81.56,0.01,1,2.32,96.7,142,168.6,184,20,37.00,1.85,3.20,8.00
VT,0.95,19,871.58,868.60,2.779,26058,26058,0,100.0,868.60,3360.61,6575.41,2463.23,4171,2871.69,105.1,144,138.0,138,23,97.00,4.22,3.27,63.00
VT,0.30,3,275.24,279.63,1.695,8389,8389,0,100.0,279.63,55.06,65.68,0.00,0,0.16,88.2,133,138.0,138,5,5.00,1.00,2.90,33.00
PT,0.50,4,458.73,458.63,2.022,13759,13759,0,100.0,458.63,57.21,80.02,0.00,0,1.25,96.6,141,160.6,178,19,34.00,1.79,3.17,83.00
VT,0.65,6,596.34,591.10,2.514,17733,17733,0,100.0,591.10,56.82,79.25,0.12,7,1.37,96.6,140,138.0,138,12,18.00,1.50,3.13,50.00
PT,0.65,17,596.34,604.10,2.208,18123,18123,0,100.0,604.10,58.75,86.20,0.14,7,2.57,91.1,137,168.1,191,13,23.00,1.77,3.03,52.00
VT,0.80,1,733.96,734.27,2.654,22028,22028,0,100.0,734.27,237.97,580.99,121.12,402,134.71,98.3,143,139.0,139,10,38.00,3.80,3.23,97.00
VT,0.70,17,642.22,643.33,2.486,19300,19300,0,100.0,643.33,59.10,90.02,0.37,16,2.96,94.2,141,138.2,139,7,25.00,3.57,3.17,14.00
VT,0.80,18,733.96,739.63,2.602,22189,22189,0,100.0,739.63,534.09,966.95,343.07,656,354.72,95.4,142,138.0,138,9,35.00,3.89,3.20,21.00
VT,0.30,4,275.24,280.73,1.722,8422,8422,0,100.0,280.73,54.95,65.76,0.00,0,0.13,96.4,141,138.0,138,3,10.00,3.33,3.17,7.00
PT,0.75,9,688.09,692.47,2.214,20774,20774,0,100.0,692.47,64.62,148.19,2.39,56,7.01,95.8,141,181.0,215,12,39.00,3.25,3.17,4.00
VT,0.60,18,550.47,553.83,2.385,16615,16615,0,100.0,553.83,55.55,71.73,0.00,0,0.58,96.5,139,138.0,138,6,11.00,1.83,3.10,6.00
VT,0.70,10,642.22,644.87,2.529,19346,19346,0,100.0,644.87,59.62,90.12,0.23,13,3.30,94.7,141,138.0,138,7,19.00,2.71,3.17,14.00
VT,0.50,15,458.73,452.30,2.171,13569,13569,0,100.0,452.30,55.75,70.68,0.00,0,0.56,93.3,135,138.0,138,5,8.00,1.60,2.97,1.00
PT,0.80,12,733.96,738.40,2.205,22152,22152,0,100.0,738.40,79.61,177.11,11.71,72,18.54,89.5,133,197.2,250,12,34.00,2.83,2.90,12.00
VT,0.85,5,779.83,782.70,2.714,23481,23481,0,100.0,782.70,1204.70,2098.88,852.21,1361,900.26,97.1,141,138.0,138,10,33.00,3.30,3.17,13.00
VT,0.75,19,688.09,684.33,2.610,20530,20530,0,100.0,684.33,59.99,97.58,0.88,32,3.76,94.8,144,138.1,139,7,14.00,2.00,3.27,66.00
VT,1.05,5,963.32,958.10,2.736,28743,28743,0,100.0,958.10,5696.83,11322.93,4444.66,6884,5405.92,118.4,178,139.0,139,23,139.00,6.04,4.40,112.00
PT,0.80,7,733.96,739.50,2.284,22185,22185,0,100.0,739.50,75.44,186.24,10.26,89,15.49,93.2,140,195.6,271,16,47.00,2.94,3.10,62.00
VT,1.05,13,963.32,966.30,2.800,28989,28989,0,100.0,966.30,6189.58,12272.74,4668.50,7383,5928.33,115.2,148,138.2,139,27,128.00,4.74,3.40,132.00
PT,0.85,18,779.83,782.10,2.231,23463,23463,0,100.0,782.10,595.26,1221.52,410.57,549,422.93,96.6,150,605.2,705,12,26.00,2.17,3.47,48.00
VT,0.85,18,779.83,780.33,2.681,23410,23410,0,100.0,780.33,706.39,1380.77,482.63,989,508.69,97.5,145,138.0,138,15,57.00,3.80,3.30,17.00
VT,0.60,7,550.47,554.63,2.323,16639,16639,0,100.0,554.63,57.89,81.43,0.04,3,1.88,101.4,147,138.0,138,9,16.00,1.78,3.37,66.00
PT,0.65,12,596.34,593.77,2.200,17813,17813,0,100.0,593.77,58.60,85.73,0.05,4,2.43,98.0,151,168.4,182,20,48.00,2.40,3.50,32.00
VT,0.80,17,733.96,738.23,2.557,22147,22147,0,100.0,738.23,294.53,535.65,163.39,348,177.20,97.2,146,138.0,138,14,47.00,3.36,3.33,77.00
PT,0.75,3,688.09,690.17,2.208,20705,20705,0,100.0,690.17,63.28,115.03,1.68,41,6.06,98.4,143,182.2,219,15,28.00,1.87,3.23,26.00
VT,0.85,6,779.83,776.87,2.702,23306,23306,0,100.0,776.87,335.68,713.87,205.90,535,218.44,94.1,140,138.0,138,9,41.00,4.56,3.13,41.00
VT,0.85,10,779.83,789.93,2.617,23698,23698,0,100.0,789.93,199.33,451.10,103.95,309,114.41,96.1,140,138.0,138,9,23.00,2.56,3.13,38.00
VT,1.05,17,963.32,960.97,2.823,28829,28829,0,100.0,960.97,4988.25,8651.41,3855.56,6396,4741.17,108.5,152,138.0,138,21,111.00,5.29,3.53,48.00
VT,0.95,6,871.58,867.20,2.757,26016,26016,0,100.0,867.20,2330.91,4200.06,1757.11,3083,1974.10,104.6,146,138.0,138,17,60.00,3.53,3.33,28.00
PT,0.85,3,779.83,778.00,2.237,23340,23340,0,100.0,778.00,270.80,679.73,156.27,415,168.29,100.1,147,347.6,604,15,30.00,2.00,3.37,44.00
PT,1.05,16,963.32,966.77,1.985,29003,29003,0,100.0,966.77,4388.82,9616.09,3609.04,5458,4190.28,103.7,149,3839.9,5624,13,55.00,4.23,3.43,3.00
VT,0.75,18,688.09,687.47,2.539,20624,20624,0,100.0,687.47,62.34,104.55,1.79,34,5.39,100.4,151,138.0,138,13,24.00,1.85,3.50,20.00
PT,0.80,16,733.96,734.67,2.299,22040,22040,0,100.0,734.67,76.82,232.36,11.23,114,16.39,96.4,145,192.9,301,16,25.00,1.56,3.30,12.00
PT,0.95,5,871.58,871.93,2.127,26158,26158,0,100.0,871.93,1704.15,3690.90,1365.29,1833,1438.39,102.0,151,1572.9,2004,9,31.00,3.44,3.50,13.00
PT,0.85,13,779.83,782.20,2.300,23466,23466,0,100.0,782.20,144.35,371.13,61.72,260,70.28,104.6,148,246.5,411,7,13.00,1.86,3.40,88.00
VT,0.50,9,458.73,461.27,2.221,13838,13838,0,100.0,461.27,56.60,73.13,0.01,1,0.97,96.8,139,138.0,138,4,13.00,3.25,3.10,89.00
VT,0.50,5,458.73,461.07,2.185,13832,13832,0,100.0,461.07,56.69,75.16,0.00,0,1.01,97.6,143,138.0,138,6,26.00,4.33,3.23,87.00
VT,0.70,13,642.22,641.33,2.589,19240,19240,0,100.0,641.33,59.38,87.16,0.19,8,3.13,97.0,144,138.0,138,6,19.00,3.17,3.27,90.00
PT,0.50,9,458.73,462.87,1.971,13886,13886,0,100.0,462.87,56.10,75.61,0.00,0,0.74,95.2,141,162.6,179,11,22.00,2.00,3.17,81.00
PT,0.80,3,733.96,740.63,2.170,22219,22219,0,100.0,740.63,89.76,236.86,19.34,142,26.11,100.0,147,203.8,307,10,20.00,2.00,3.37,92.00
PT,0.50,13,458.73,456.67,2.041,13700,13700,0,100.0,456.67,56.98,80.85,0.00,0,1.13,97.5,147,160.1,175,8,13.00,1.63,3.37,91.00
VT,0.85,3,779.83,778.23,2.702,23347,23347,0,100.0,778.23,425.99,904.43,273.10,643,289.10,99.2,145,138.0,138,9,22.00,2.44,3.30,36.00
PT,0.30,8,275.24,276.33,1.665,8290,8290,0,100.0,276.33,55.03,65.45,0.00,0,0.15,98.2,147,149.7,162,9,14.00,1.56,3.37,69.00
PT,0.60,7,550.47,545.87,2.230,16376,16376,0,100.0,545.87,55.05,75.37,0.00,0,0.30,98.2,147,162.4,176,13,20.00,1.54,3.37,37.00
PT,0.80,20,733.96,733.77,2.280,22013,22013,0,100.0,733.77,90.15,253.65,18.83,142,26.16,97.1,144,202.1,327,8,28.00,3.50,3.27,98.00
VT,0.75,10,688.09,679.63,2.592,20389,20389,0,100.0,679.63,81.20,230.15,11.47,124,18.15,100.0,145,138.0,138,7,23.00,3.29,3.30,50.00
PT,0.75,1,688.09,694.37,2.229,20831,20831,0,100.0,694.37,60.60,103.74,1.24,29,4.24,92.2,135,179.4,205,12,23.00,1.92,2.97,40.00
VT,0.60,9,550.47,547.93,2.384,16438,16438,0,100.0,547.93,56.52,75.57,0.01,1,1.11,98.6,145,138.0,138,5,14.00,2.80,3.30,80.00
VT,0.75,3,688.09,684.33,2.634,20530,20530,0,100.0,684.33,75.37,254.03,9.81,140,14.28,91.1,141,138.0,138,7,25.00,3.57,3.17,54.00
PT,0.60,11,550.47,543.10,2.132,16293,16293,0,100.0,543.10,58.06,82.91,0.03,3,1.94,101.0,147,167.9,196,11,25.00,2.27,3.37,60.00
VT,0.50,2,458.73,463.60,2.192,13908,13908,0,100.0,463.60,56.44,74.37,0.02,2,0.90,95.7,143,138.0,138,4,8.00,2.00,3.23,89.00
VT,1.05,6,963.32,957.07,2.830,28712,28712,0,100.0,957.07,6173.17,11906.27,4663.84,7179,5855.98,120.6,170,138.0,138,21,121.00,5.76,4.13,76.00
VT,1.05,9,963.32,963.47,2.845,28904,28904,0,100.0,963.47,6545.72,12489.96,4899.10,7636,6254.08,119.3,163,138.0,138,24,149.00,6.21,3.90,78.00
PT,1.05,2,963.32,960.03,2.069,28801,28801,0,100.0,960.03,4369.03,9344.30,3460.47,5738,4142.09,107.0,152,3710.5,5926,12,50.00,4.17,3.53,75.00
VT,0.75,20,688.09,688.73,2.596,20662,20662,0,100.0,688.73,61.06,106.70,1.25,31,4.52,99.8,150,138.0,138,13,30.00,2.31,3.47,16.00
VT,0.80,7,733.96,735.30,2.679,22059,22059,0,100.0,735.30,131.73,415.70,44.98,274,56.79,99.0,148,138.0,138,14,32.00,2.29,3.40,52.00
PT,0.95,11,871.58,870.03,2.151,26101,26101,0,100.0,870.03,1864.86,4358.97,1446.45,2430,1575.07,98.2,150,1649.0,2606,13,48.00,3.69,3.47,70.00
PT,0.85,15,779.83,778.33,2.228,23350,23350,0,100.0,778.33,109.20,255.68,34.37,146,42.58,99.8,145,225.8,318,9,16.00,1.78,3.30,45.00
PT,0.60,13,550.47,559.43,2.137,16783,16783,0,100.0,559.43,58.43,81.88,0.03,2,2.20,97.3,143,167.7,190,8,18.00,2.25,3.20,99.00
PT,1.05,9,963.32,967.77,2.126,29033,29033,0,100.0,967.77,4071.06,8583.05,3360.72,5055,3887.10,101.4,145,3595.2,5238,14,56.00,4.00,3.30,20.00
PT,1.05,13,963.32,965.53,2.108,28966,28966,0,100.0,965.53,4179.67,8509.86,3478.39,5070,3982.99,101.9,144,3697.0,5202,11,51.00,4.64,3.27,24.00
VT,0.80,9,733.96,729.83,2.583,21895,21895,0,100.0,729.83,95.20,335.84,24.22,215,29.70,93.2,137,138.0,138,12,36.00,3.00,3.03,64.00
VT,0.85,2,779.83,780.40,2.675,23412,23412,0,100.0,780.40,591.11,921.55,401.35,602,418.77,101.3,144,138.0,138,9,39.00,4.33,3.27,86.00
VT,0.65,3,596.34,590.73,2.435,17722,17722,0,100.0,590.73,56.51,85.15,0.17,15,1.19,91.4,135,138.0,138,8,19.00,2.38,2.93,49.00
VT,0.95,1,871.58,876.27,2.739,26288,26288,0,100.0,876.27,4231.75,8066.29,3092.93,4996,3660.38,106.3,137,138.0,138,18,113.00,6.28,3.00,97.00
VT,0.60,15,550.47,547.87,2.329,16436,16436,0,100.0,547.87,55.94,75.31,0.01,2,0.79,101.5,147,138.0,138,10,23.00,2.30,3.33,3.00
PT,1.05,5,963.32,964.63,2.094,28939,28939,0,100.0,964.63,4138.93,8864.83,3413.37,5020,3939.98,99.4,140,3639.8,5201,14,71.00,5.07,3.13,82.00
PT,0.95,9,871.58,875.27,2.194,26258,26258,0,100.0,875.27,2080.86,4548.19,1643.12,2451,1773.61,97.6,140,1853.4,2637,10,39.00,3.90,3.13,27.00
PT,0.50,11,458.73,468.90,2.026,14067,14067,0,100.0,468.90,55.58,75.25,0.03,4,0.51,93.1,141,159.2,174,5,7.00,1.40,3.13,26.00
PT,0.95,19,871.58,873.27,2.155,26198,26198,0,100.0,873.27,2004.58,4502.43,1558.73,2588,1702.95,95.3,143,1762.8,2765,10,31.00,3.10,3.20,53.00
VT,0.65,16,596.34,597.27,2.520,17918,17918,0,100.0,597.27,58.06,84.77,0.16,8,2.12,95.9,138,138.0,138,12,38.00,3.17,3.03,51.00
VT,1.05,14,963.32,966.27,2.823,28988,28988,0,100.0,966.27,4993.76,9611.56,3900.68,6519,4772.64,112.6,157,138.0,138,27,122.00,4.52,3.67,72.00
VT,1.05,8,963.32,957.47,2.748,28724,28724,0,100.0,957.47,6877.12,12855.49,5007.67,8215,6532.43,115.7,160,138.0,138,24,135.00,5.63,3.77,129.00
VT,0.65,9,596.34,596.70,2.389,17901,17901,0,100.0,596.70,59.15,86.04,0.11,5,2.78,90.2,135,138.4,139,10,23.00,2.30,2.97,78.00
VT,0.85,17,779.83,780.33,2.646,23410,23410,0,100.0,780.33,837.00,1252.80,587.03,844,610.61,99.7,146,139.0,139,17,35.00,2.06,3.30,47.00
PT,0.60,14,550.47,541.97,2.156,16259,16259,0,100.0,541.97,55.91,78.64,0.05,7,0.76,98.1,145,163.9,173,22,32.00,1.45,3.27,91.00
PT,0.95,3,871.58,872.00,2.158,26160,26160,0,100.0,872.00,2004.89,5258.99,1539.47,2633,1700.74,100.3,145,1741.8,2774,13,44.00,3.38,3.27,53.00
PT,0.60,8,550.47,553.10,2.140,16593,16593,0,100.0,553.10,57.08,80.10,0.05,6,1.43,97.7,148,163.4,179,5,10.00,2.00,3.40,61.00
VT,0.80,14,733.96,741.77,2.532,22253,22253,0,100.0,741.77,114.10,326.41,37.80,192,44.21,94.8,143,138.0,138,14,26.00,1.86,3.20,35.00
VT,1.05,15,963.32,970.17,2.725,29105,29105,0,100.0,970.17,5734.92,11695.26,4554.24,6891,5510.95,112.1,145,138.0,138,27,115.00,4.26,3.27,135.00
VT,1.05,20,963.32,973.70,2.763,29211,29211,0,100.0,973.70,6173.10,12630.58,4650.86,7560,5957.68,110.7,154,138.0,138,29,166.00,5.72,3.57,65.00
VT,0.70,14,642.22,637.13,2.506,19114,19114,0,100.0,637.13,58.80,94.84,0.36,29,2.74,100.1,148,138.0,138,11,14.00,1.27,3.40,8.00
PT,0.75,16,688.09,690.33,2.200,20710,20710,0,100.0,690.33,60.74,102.01,0.82,22,4.31,96.6,144,178.6,202,25,57.00,2.28,3.27,6.00
VT,0.95,17,871.58,878.73,2.759,26362,26362,0,100.0,878.73,3703.39,7535.32,2773.75,4329,3206.40,105.9,143,138.0,138,26,102.00,3.92,3.23,45.00
VT,0.30,11,275.24,274.73,1.706,8242,8242,0,100.0,274.73,54.72,63.70,0.00,0,0.06,91.2,137,138.0,138,5,7.00,1.40,3.00,26.00
VT,0.75,14,688.09,686.40,2.591,20592,20592,0,100.0,686.40,64.81,166.77,3.52,110,7.08,93.4,138,138.0,138,13,24.00,1.85,3.03,77.00
PT,0.50,17,458.73,468.87,2.072,14066,14066,0,100.0,468.87,57.05,80.01,0.00,0,1.19,92.3,139,160.5,169,21,35.00,1.67,3.07,50.00
PT,0.30,1,275.24,273.23,1.633,8197,8197,0,100.0,273.23,55.01,64.54,0.00,0,0.14,94.5,139,150.4,163,12,26.00,2.17,3.07,64.00
VT,0.70,5,642.22,645.40,2.567,19362,19362,0,100.0,645.40,60.27,90.77,0.32,18,3.72,95.8,144,138.0,138,9,30.00,3.33,3.23,11.00
VT,0.80,5,733.96,733.43,2.686,22003,22003,0,100.0,733.43,101.66,317.97,27.62,223,34.59,94.2,140,138.0,138,12,35.00,2.92,3.10,67.00
VT,1.05,19,963.32,963.17,2.780,28895,28895,0,100.0,963.17,6202.90,12158.61,4774.90,7352,5921.94,119.4,157,138.0,138,28,140.00,5.00,3.70,104.00
PT,0.85,7,779.83,787.80,2.221,23634,23634,0,100.0,787.80,241.43,588.87,135.20,299,147.27,100.4,149,322.8,470,12,21.00,1.75,3.40,83.00
PT,0.85,8,779.83,778.70,2.237,23361,23361,0,100.0,778.70,229.64,553.80,128.95,383,136.38,94.0,136,309.9,562,10,33.00,3.30,3.00,92.00
VT,0.85,13,779.83,783.40,2.636,23502,23502,0,100.0,783.40,461.94,733.51,311.53,526,319.19,94.5,136,138.0,138,17,45.00,2.65,2.97,46.00
VT,0.60,10,550.47,551.17,2.330,16535,16535,0,100.0,551.17,56.31,78.51,0.03,3,1.00,99.1,147,138.0,138,9,11.00,1.22,3.37,84.00
PT,0.95,16,871.58,872.33,2.196,26170,26170,0,100.0,872.33,1887.40,4663.46,1489.17,2250,1598.90,102.4,147,1701.3,2406,14,38.00,2.71,3.37,17.00
PT,0.80,6,733.96,727.97,2.245,21839,21839,0,100.0,727.97,69.77,148.66,5.90,60,11.12,102.1,147,188.6,228,8,19.00,2.38,3.37,94.00
PT,0.75,4,688.09,701.03,2.255,21031,21031,0,100.0,701.03,65.46,117.20,2.93,31,7.69,97.5,142,181.3,213,10,26.00,2.60,3.20,88.00
VT,0.50,4,458.73,454.23,2.190,13627,13627,0,100.0,454.23,55.30,68.93,0.00,0,0.37,100.9,147,139.0,139,6,15.00,2.50,3.33,83.00
PT,0.75,7,688.09,685.97,2.206,20579,20579,0,100.0,685.97,68.40,173.84,4.29,69,9.54,94.6,142,184.4,242,14,34.00,2.43,3.20,57.00
PT,0.60,16,550.47,548.83,2.115,16465,16465,0,100.0,548.83,57.81,82.69,0.01,2,1.82,101.8,147,165.9,180,9,18.00,2.00,3.37,98.00
VT,0.50,12,458.73,464.50,2.258,13935,13935,0,100.0,464.50,58.13,79.24,0.01,1,1.69,99.7,145,138.0,138,4,12.00,3.00,3.30,91.00
PT,1.05,8,963.32,963.80,2.050,28914,28914,0,100.0,963.80,4441.72,9061.99,3664.58,5339,4228.40,100.5,147,3904.8,5508,8,36.00,4.50,3.37,65.00
PT,1.05,14,963.32,966.43,2.037,28993,28993,0,100.0,966.43,3932.00,8168.71,3300.21,4646,3747.35,99.1,142,3521.7,4813,6,33.00,5.50,3.17,93.00
PT,0.75,6,688.09,691.13,2.228,20734,20734,0,100.0,691.13,60.12,102.18,0.71,32,3.88,98.2,147,177.7,218,4,16.00,4.00,3.37,70.00
VT,0.30,10,275.24,273.00,1.676,8190,8190,0,100.0,273.00,55.33,64.89,0.01,1,0.23,98.4,145,138.0,138,2,3.00,1.50,3.30,91.00
PT,0.80,18,733.96,725.37,2.202,21761,21761,0,100.0,725.37,83.75,210.14,15.81,115,21.22,102.0,148,196.4,290,7,22.00,3.14,3.40,80.00
PT,0.65,4,596.34,590.33,2.137,17710,17710,0,100.0,590.33,58.79,84.04,0.01,1,2.54,98.8,145,169.1,186,10,25.00,2.50,3.30,30.00
PT,0.30,7,275.24,272.40,1.672,8172,8172,0,100.0,272.40,55.66,67.84,0.00,0,0.32,96.1,147,149.6,160,7,20.00,2.86,3.37,97.00
PT,0.70,14,642.22,642.77,2.167,19283,19283,0,100.0,642.77,64.15,136.57,1.63,70,6.20,97.1,141,169.8,198,11,35.00,3.18,3.17,94.00
VT,0.70,6,642.22,650.60,2.484,19518,19518,0,100.0,650.60,57.29,91.49,0.51,24,1.81,98.4,145,138.0,138,6,10.00,1.67,3.30,86.00
VT,0.95,4,871.58,877.93,2.651,26338,26338,0,100.0,877.93,2898.08,5363.28,2199.73,3696,2496.48,102.7,144,138.0,138,12,70.00,5.83,3.27,59.00
VT,0.75,6,688.09,689.63,2.616,20689,20689,0,100.0,689.63,68.96,176.85,4.14,70,9.97,92.4,135,138.0,138,7,20.00,2.86,2.97,82.00
PT,0.65,2,596.34,589.50,2.251,17685,17685,0,100.0,589.50,57.93,84.10,0.10,9,2.03,97.6,147,165.9,198,11,20.00,1.82,3.37,71.00
VT,0.70,4,642.22,641.03,2.554,19231,19231,0,100.0,641.03,59.70,136.23,1.27,50,3.33,96.6,143,138.0,138,6,11.00,1.83,3.23,88.00
VT,0.50,1,458.73,454.50,2.208,13635,13635,0,100.0,454.50,55.77,70.77,0.01,1,0.58,95.9,145,138.6,139,4,6.00,1.50,3.30,81.00
PT,0.50,1,458.73,456.13,2.094,13684,13684,0,100.0,456.13,55.99,78.29,0.00,0,0.68,99.2,145,162.0,174,11,20.00,1.82,3.30,99.00
VT,0.70,19,642.22,633.87,2.561,19016,19016,0,100.0,633.87,60.87,132.85,1.10,39,4.04,95.8,143,138.2,139,6,14.00,2.33,3.20,77.00
PT,0.50,12,458.73,456.60,2.036,13698,13698,0,100.0,456.60,55.72,76.83,0.00,0,0.56,96.4,147,160.0,176,12,23.00,1.92,3.37,5.00
VT,0.75,13,688.09,690.87,2.561,20726,20726,0,100.0,690.87,67.81,163.09,4.34,76,9.20,96.3,145,138.1,139,7,20.00,2.86,3.30,60.00
VT,0.60,6,550.47,553.03,2.329,16591,16591,0,100.0,553.03,56.43,75.69,0.00,0,1.07,98.9,147,139.0,139,5,8.00,1.60,3.37,78.00
PT,0.60,18,550.47,546.03,2.100,16381,16381,0,100.0,546.03,58.61,81.27,0.01,1,2.25,103.0,147,167.9,187,12,41.00,3.42,3.37,6.00
PT,0.70,9,642.22,636.97,2.204,19109,19109,0,100.0,636.97,63.58,129.85,1.43,34,5.79,100.8,147,172.3,201,11,31.00,2.82,3.33,37.00
PT,0.85,11,779.83,765.43,2.238,22963,22963,0,100.0,765.43,130.28,286.40,48.58,138,58.01,97.3,147,233.1,305,7,16.00,2.29,3.33,67.00
VT,0.75,8,688.09,691.83,2.623,20755,20755,0,100.0,691.83,61.69,98.90,0.83,32,4.97,97.3,146,138.0,138,7,16.00,2.29,3.33,46.00
PT,0.95,18,871.58,869.40,2.052,26082,26082,0,100.0,869.40,2285.97,5138.31,1801.74,2616,1940.04,95.1,146,2008.5,2790,7,34.00,4.86,3.33,72.00
PT,0.95,8,871.58,864.87,2.207,25946,25946,0,100.0,864.87,1820.01,4214.31,1420.14,2227,1526.93,97.0,145,1626.1,2400,5,23.00,4.60,3.30,91.00
PT,0.95,10,871.58,864.17,2.164,25925,25925,0,100.0,864.17,1516.34,3330.00,1187.99,1927,1263.28,100.4,147,1384.4,2090,5,17.00,3.40,3.33,80.00
PT,0.60,19,550.47,555.73,2.203,16672,16672,0,100.0,555.73,56.76,78.34,0.00,0,1.26,94.4,147,161.0,175,3,6.00,2.00,3.37,75.00
VT,0.30,7,275.24,276.17,1.696,8285,8285,0,100.0,276.17,54.74,63.54,0.00,0,0.07,100.7,147,138.0,138,2,3.00,1.50,3.37,95.00
VT,0.50,6,458.73,458.87,2.186,13766,13766,0,100.0,458.87,56.68,73.36,0.00,0,1.00,97.9,145,138.0,138,4,7.00,1.75,3.27,81.00
PT,0.30,13,275.24,275.80,1.667,8274,8274,0,100.0,275.80,54.85,64.62,0.00,0,0.10,97.7,147,150.5,157,8,10.00,1.25,3.33,76.00
PT,0.50,3,458.73,458.97,1.997,13769,13769,0,100.0,458.97,58.04,78.46,0.00,0,1.62,100.2,147,161.3,176,11,33.00,3.00,3.33,88.00
VT,0.30,15,275.24,276.20,1.739,8286,8286,0,100.0,276.20,55.62,65.87,0.00,0,0.31,99.6,147,138.0,138,2,5.00,2.50,3.33,96.00
VT,1.05,16,963.32,965.33,2.860,28960,28960,0,100.0,965.33,6021.65,12450.61,4572.01,7513,5760.29,117.9,158,138.0,138,21,124.00,5.90,3.70,74.00
VT,0.50,18,458.73,464.27,2.179,13928,13928,0,100.0,464.27,56.55,73.32,0.01,1,0.95,102.8,155,138.0,138,6,8.00,1.33,3.60,80.00
VT,0.65,20,596.34,595.93,2.464,17878,17878,0,100.0,595.93,59.34,84.32,0.26,14,2.88,102.2,153,138.0,138,9,27.00,3.00,3.53,93.00
PT,0.50,18,458.73,466.23,2.070,13987,13987,0,100.0,466.23,56.16,76.81,0.00,0,0.78,100.0,151,161.0,169,19,28.00,1.47,3.47,70.00
VT,1.05,10,963.32,969.97,2.797,29099,29099,0,100.0,969.97,5779.30,12338.91,4430.28,7307,5552.87,122.7,160,138.0,139,23,122.00,5.30,3.77,86.00
VT,0.50,17,458.73,460.03,2.255,13801,13801,0,100.0,460.03,56.31,73.06,0.00,0,0.83,100.8,143,138.7,139,6,16.00,2.67,3.20,101.00
PT,0.30,19,275.24,275.40,1.654,8262,8262,0,100.0,275.40,54.91,65.24,0.00,0,0.11,102.9,151,151.8,159,14,17.00,1.21,3.50,79.00
VT,0.60,12,550.47,551.80,2.406,16554,16554,0,100.0,551.80,56.92,78.83,0.09,8,1.34,102.3,147,138.8,139,9,18.00,2.00,3.40,101.00
VT,1.05,4,963.32,957.90,2.767,28737,28737,0,100.0,957.90,6179.83,12142.31,4622.27,7466,5867.46,114.0,153,138.2,139,27,139.00,5.15,3.57,56.00
VT,0.85,14,779.83,784.37,2.681,23531,23531,0,100.0,784.37,1655.35,3526.89,1193.92,1688,1255.66,103.2,149,138.0,138,15,43.00,2.87,3.40,52.00
VT,0.75,17,688.09,691.73,2.576,20752,20752,0,100.0,691.73,67.23,144.80,3.09,56,8.80,102.5,153,138.0,138,13,28.00,2.15,3.53,11.00
VT,0.30,16,275.24,270.97,1.744,8129,8129,0,100.0,270.97,54.80,62.68,0.00,0,0.08,100.6,151,138.0,138,4,9.00,2.25,3.47,86.00
VT,0.65,14,596.34,587.60,2.414,17628,17628,0,100.0,587.60,56.71,72.40,0.13,17,1.30,102.5,149,138.0,138,10,20.00,2.00,3.40,1.00
PT,0.60,17,550.47,548.00,2.194,16440,16440,0,100.0,548.00,54.95,59.16,0.00,0,0.24,94.6,147,165.0,177,19,34.00,1.79,3.33,75.00
VT,0.65,13,596.34,600.37,2.401,18011,18011,0,100.0,600.37,55.54,61.59,0.08,12,0.63,94.9,145,138.0,138,10,19.00,1.90,3.27,29.00
PT,0.65,11,596.34,603.10,2.214,18093,18093,0,100.0,603.10,55.22,62.24,0.03,2,0.44,100.4,147,166.9,182,16,30.00,1.88,3.33,73.00
PT,0.60,15,550.47,544.50,2.235,16335,16335,0,100.0,544.50,55.05,59.93,0.00,0,0.30,96.3,145,162.4,171,11,21.00,1.91,3.27,57.00
VT,0.75,9,688.09,689.23,2.566,20677,20677,0,100.0,689.23,56.35,67.08,0.01,2,1.28,97.6,145,138.0,138,7,16.00,2.29,3.27,33.00
VT,0.65,19,596.34,594.27,2.387,17828,17828,0,100.0,594.27,55.59,60.87,0.00,0,0.65,92.0,135,138.0,138,6,14.00,2.33,2.93,27.00
VT,0.65,10,596.34,596.93,2.319,17908,17908,0,100.0,596.93,55.49,66.46,0.01,1,0.59,102.0,145,138.0,138,6,13.00,2.17,3.27,27.00
PT,0.75,15,688.09,689.47,2.383,20684,20684,0,100.0,689.47,55.18,67.42,0.11,10,0.47,104.8,148,171.5,188,13,23.00,1.77,3.37,9.00
PT,0.30,4,275.24,281.00,1.702,8430,8430,0,100.0,281.00,54.61,65.60,0.00,0,0.03,101.0,147,148.8,164,8,15.00,1.88,3.33,38.00
VT,0.80,11,733.96,732.97,2.624,21989,21989,0,100.0,732.97,88.21,271.15,17.73,166,24.71,94.0,143,138.0,138,8,30.00,3.75,3.20,25.00
PT,0.70,4,642.22,649.90,2.282,19497,19497,0,100.0,649.90,57.78,85.05,0.27,13,2.13,90.2,144,173.4,199,13,26.00,2.00,3.23,29.00
PT,0.30,20,275.24,282.20,1.661,8466,8466,0,100.0,282.20,54.55,66.42,0.00,0,0.02,96.0,147,149.0,157,7,15.00,2.14,3.33,36.00
PT,0.75,8,688.09,682.80,2.138,20484,20484,0,100.0,682.80,63.89,157.86,2.59,54,6.42,101.6,147,179.8,222,12,22.00,1.83,3.33,83.00
PT,1.05,7,963.32,963.50,2.078,28905,28905,0,100.0,963.50,3551.13,7875.62,2893.96,4596,3369.00,100.7,144,3113.3,4776,8,38.00,4.75,3.23,41.00
VT,0.85,19,779.83,781.67,2.717,23450,23450,0,100.0,781.67,1302.06,2392.49,898.57,1684,975.18,100.3,148,138.0,138,9,57.00,6.33,3.40,65.00
VT,0.95,5,871.58,865.97,2.716,25979,25979,0,100.0,865.97,2304.43,4826.02,1711.25,3068,1948.37,99.1,141,138.0,138,11,66.00,6.00,3.17,64.00
VT,0.60,16,550.47,551.07,2.365,16532,16532,0,100.0,551.07,56.09,75.91,0.00,0,0.88,94.9,144,138.0,138,6,17.00,2.83,3.27,24.00
PT,0.30,14,275.24,277.93,1.693,8338,8338,0,100.0,277.93,55.12,66.48,0.00,0,0.17,96.0,145,150.9,162,10,13.00,1.30,3.30,45.00
VT,0.85,8,779.83,781.53,2.650,23446,23446,0,100.0,781.53,958.25,2329.25,640.90,1490,706.31,98.1,146,138.0,138,9,32.00,3.56,3.33,62.00
PT,0.80,5,733.96,742.33,2.200,22270,22270,0,100.0,742.33,83.48,213.10,14.57,98,21.52,97.1,145,199.0,261,10,28.00,2.80,3.27,81.00
VT,0.95,14,871.58,876.30,2.689,26289,26289,0,100.0,876.30,3055.25,6710.24,2374.11,3401,2629.56,102.4,139,138.0,138,15,104.00,6.93,3.10,76.00
VT,0.70,12,642.22,644.13,2.495,19324,19324,0,100.0,644.13,59.71,89.84,0.61,22,3.36,97.4,146,138.0,138,11,16.00,1.45,3.33,24.00
PT,0.80,10,733.96,727.37,2.243,21821,21821,0,100.0,727.37,84.87,216.66,15.39,96,22.09,101.2,144,201.2,266,18,57.00,3.17,3.27,4.00
PT,0.70,15,642.22,645.83,2.250,19375,19375,0,100.0,645.83,59.17,104.29,0.64,29,3.01,99.6,147,172.0,207,11,19.00,1.73,3.37,24.00
PT,0.85,19,779.83,773.80,2.246,23214,23214,0,100.0,773.80,151.11,374.34,64.81,238,74.76,95.6,147,253.3,377,9,22.00,2.44,3.37,22.00
VT,0.70,11,642.22,645.57,2.492,19367,19367,0,100.0,645.57,68.28,194.53,5.01,89,8.90,100.3,146,138.0,138,6,17.00,2.83,3.33,98.00
VT,0.60,11,550.47,550.93,2.354,16528,16528,0,100.0,550.93,57.80,79.80,0.00,0,1.82,97.1,145,138.0,138,5,8.00,1.60,3.27,78.00
VT,0.50,14,458.73,458.03,2.107,13741,13741,0,100.0,458.03,55.28,70.10,0.00,0,0.36,95.8,141,138.0,138,4,6.00,1.50,3.13,84.00
PT,0.60,10,550.47,555.93,2.131,16678,16678,0,100.0,555.93,57.53,80.82,0.00,0,1.68,99.9,147,165.1,180,11,30.00,2.73,3.37,37.00
VT,0.95,7,871.58,863.27,2.710,25898,25898,0,100.0,863.27,3377.73,6346.64,2464.00,4161,2868.84,97.7,137,138.0,138,15,87.00,5.80,3.00,65.00
PT,0.75,18,688.09,683.53,2.262,20506,20506,0,100.0,683.53,62.63,105.92,1.50,26,5.56,96.7,145,177.8,213,17,39.00,2.29,3.30,84.00
PT,0.50,20,458.73,462.80,2.071,13884,13884,0,100.0,462.80,54.92,71.45,0.00,0,0.19,102.7,147,160.1,178,13,18.00,1.38,3.33,78.00
PT,0.70,1,642.22,640.10,2.225,19203,19203,0,100.0,640.10,60.54,91.61,0.47,25,3.87,102.1,147,170.2,196,14,29.00,2.07,3.33,5.00
PT,0.70,6,642.22,645.97,2.256,19379,19379,0,100.0,645.97,60.40,93.09,0.60,24,3.81,98.3,147,168.3,199,10,26.00,2.60,3.37,80.00
VT,0.80,20,733.96,736.50,2.696,22095,22095,0,100.0,736.50,160.21,486.65,66.79,301,77.86,97.7,146,138.8,139,8,36.00,4.50,3.30,66.00
VT,0.80,2,733.96,737.50,2.624,22125,22125,0,100.0,737.50,138.63,435.42,54.63,289,62.04,96.2,147,138.9,139,8,17.00,2.13,3.33,48.00
PT,1.05,19,963.32,956.23,2.034,28687,28687,0,100.0,956.23,4773.03,10276.12,3928.14,5623,4512.02,100.1,145,4158.2,5794,8,48.00,6.00,3.30,52.00
VT,0.50,20,458.73,452.53,2.156,13576,13576,0,100.0,452.53,55.89,71.66,0.00,0,0.63,96.8,145,138.2,139,4,22.00,5.50,3.30,79.00
VT,0.80,15,733.96,736.13,2.602,22084,22084,0,100.0,736.13,125.39,362.58,43.23,239,52.19,95.7,143,138.0,138,8,23.00,2.88,3.23,65.00
PT,0.80,15,733.96,721.33,2.239,21640,21640,0,100.0,721.33,69.24,152.25,5.81,80,10.63,95.9,147,182.8,243,11,23.00,2.09,3.33,63.00
VT,0.50,13,458.73,460.23,2.214,13807,13807,0,100.0,460.23,55.89,71.36,0.01,1,0.64,93.4,139,138.0,138,4,14.00,3.50,3.07,80.00
PT,0.50,5,458.73,460.53,2.023,13816,13816,0,100.0,460.53,57.49,79.04,0.00,0,1.38,95.6,147,160.3,173,11,20.00,1.82,3.33,28.00
VT,0.70,18,642.22,640.33,2.582,19210,19210,0,100.0,640.33,59.40,91.10,0.26,8,3.14,97.3,143,139.0,139,6,19.00,3.17,3.20,87.00
VT,0.95,10,871.58,877.50,2.800,26325,26325,0,100.0,877.50,3237.71,6143.65,2334.19,4309,2793.27,102.9,141,138.9,139,12,98.00,8.17,3.17,73.00
PT,0.65,14,596.34,593.13,2.177,17794,17794,0,100.0,593.13,58.68,85.47,0.27,13,2.48,93.9,141,170.0,202,12,29.00,2.42,3.17,22.00
PT,1.05,17,963.32,963.60,2.026,28908,28908,0,100.0,963.60,4851.73,9999.91,3957.26,5818,4622.61,96.7,147,4188.5,5984,8,50.00,6.25,3.33,41.00
VT,0.30,2,275.24,274.67,1.735,8240,8240,0,100.0,274.67,55.11,64.15,0.00,0,0.17,100.0,147,138.0,138,2,4.00,2.00,3.33,90.00
PT,0.65,6,596.34,597.13,2.178,17914,17914,0,100.0,597.13,58.60,81.75,0.19,10,2.45,93.9,143,171.7,193,4,10.00,2.50,3.20,69.00
VT,1.05,7,963.32,960.33,2.823,28810,28810,0,100.0,960.33,5136.07,10557.51,3992.36,6327,4880.00,110.7,147,138.0,138,21,127.00,6.05,3.33,54.00
VT,0.75,15,688.09,691.30,2.653,20739,20739,0,100.0,691.30,71.22,310.22,8.90,173,11.56,98.6,147,138.0,138,11,20.00,1.82,3.33,83.00
PT,0.60,3,550.47,549.87,2.182,16496,16496,0,100.0,549.87,57.88,83.45,0.00,0,1.86,93.8,141,169.1,188,20,34.00,1.70,3.13,11.00
VT,0.80,19,733.96,734.80,2.582,22044,22044,0,100.0,734.80,142.05,508.44,55.82,324,64.33,99.0,144,138.0,138,16,48.00,3.00,3.23,71.00
PT,0.60,4,550.47,547.17,2.155,16415,16415,0,100.0,547.17,57.83,80.79,0.07,5,1.83,98.2,143,166.0,185,17,28.00,1.65,3.20,1.00
VT,0.70,9,642.22,642.87,2.575,19286,19286,0,100.0,642.87,58.03,89.79,0.43,15,2.27,92.3,140,138.0,138,11,27.00,2.45,3.10,37.00
PT,0.30,6,275.24,268.63,1.673,8059,8059,0,100.0,268.63,54.74,65.37,0.00,0,0.06,89.6,139,150.8,158,13,26.00,2.00,3.07,44.00
PT,0.80,4,733.96,740.57,2.191,22217,22217,0,100.0,740.57,72.32,187.80,7.31,99,13.20,92.4,137,188.5,277,15,34.00,2.27,3.00,13.00
PT,0.60,2,550.47,548.17,2.115,16445,16445,0,100.0,548.17,58.66,82.67,0.01,1,2.28,91.6,137,163.0,175,11,25.00,2.27,3.00,31.00
PT,0.95,15,871.58,875.83,2.109,26275,26275,0,100.0,875.83,2220.25,5177.35,1755.54,2580,1896.84,93.5,137,1960.5,2760,8,28.00,3.50,3.00,3.00
VT,0.95,12,871.58,872.23,2.785,26167,26167,0,100.0,872.23,2797.71,6021.54,2048.12,3691,2392.72,93.9,133,138.0,138,18,123.00,6.83,2.87,59.00
PT,0.75,2,688.09,688.53,2.255,20656,20656,0,100.0,688.53,60.13,94.13,0.74,24,3.88,96.2,142,177.1,211,18,46.00,2.56,3.17,7.00
VT,0.95,20,871.58,865.83,2.812,25975,25975,0,100.0,865.83,3638.26,7086.74,2700.91,4344,3102.94,100.8,137,138.0,138,22,112.00,5.09,3.00,76.00
VT,0.75,16,688.09,685.83,2.614,20575,20575,0,100.0,685.83,63.96,152.05,2.63,60,6.49,91.0,136,138.0,138,12,31.00,2.58,2.97,20.00
VT,0.60,20,550.47,550.67,2.378,16520,16520,0,100.0,550.67,58.44,81.21,0.00,0,2.17,98.5,141,138.0,138,10,48.00,4.80,3.13,15.00
PT,0.65,13,596.34,595.43,2.180,17863,17863,0,100.0,595.43,60.26,109.67,0.68,40,3.43,90.1,135,171.2,197,21,44.00,2.10,2.93,45.00
PT,0.85,14,779.83,780.00,2.282,23400,23400,0,100.0,780.00,130.08,298.12,50.35,170,58.95,94.4,139,234.1,335,10,38.00,3.80,3.07,23.00
PT,0.70,7,642.22,648.17,2.177,19445,19445,0,100.0,648.17,62.20,121.06,1.69,29,4.99,90.7,139,177.1,209,9,26.00,2.89,3.07,11.00
PT,0.70,13,642.22,645.50,2.190,19365,19365,0,100.0,645.50,59.98,88.87,0.60,21,3.54,96.6,137,169.8,188,10,27.00,2.70,3.00,95.00
VT,0.60,8,550.47,556.87,2.434,16706,16706,0,100.0,556.87,58.06,82.60,0.01,1,1.98,95.3,139,138.0,138,6,18.00,3.00,3.07,23.00
PT,0.50,2,458.73,462.93,2.054,13888,13888,0,100.0,462.93,57.57,78.34,0.00,0,1.42,94.7,137,160.2,175,12,17.00,1.42,3.00,0.00
VT,0.65,15,596.34,595.43,2.474,17863,17863,0,100.0,595.43,58.66,84.99,0.24,9,2.48,90.2,135,138.0,138,6,12.00,2.00,2.93,71.00
PT,1.05,3,963.32,968.03,2.041,29041,29041,0,100.0,968.03,4335.14,8888.81,3484.90,5441,4143.80,95.1,142,3716.1,5588,9,52.00,5.78,3.17,18.00
PT,0.75,10,688.09,684.90,2.204,20547,20547,0,100.0,684.90,61.96,104.13,1.52,38,5.11,93.5,135,175.0,202,4,11.00,2.75,2.93,79.00
PT,0.70,11,642.22,647.17,2.215,19415,19415,0,100.0,647.17,59.28,93.43,0.60,16,3.09,95.4,141,169.5,198,5,13.00,2.60,3.13,59.00
PT,1.05,11,963.32,959.80,2.038,28794,28794,0,100.0,959.80,4208.40,9573.42,3418.63,5295,3986.91,98.7,140,3647.3,5459,8,36.00,4.50,3.10,29.00
VT,0.95,16,871.58,866.33,2.667,25990,25990,0,100.0,866.33,2981.01,5763.33,2218.73,3577,2535.33,94.1,133,138.2,139,13,86.00,6.62,2.87,70.00
PT,0.30,5,275.24,277.87,1.653,8336,8336,0,100.0,277.87,54.86,63.38,0.00,0,0.10,91.9,139,151.9,161,8,16.00,2.00,3.07,60.00
PT,1.05,1,963.32,970.23,2.079,29107,29107,0,100.0,970.23,4392.49,9028.68,3526.49,5582,4208.86,96.8,142,3756.0,5758,9,55.00,6.11,3.20,16.00
PT,0.95,7,871.58,876.27,2.181,26288,26288,0,100.0,876.27,2347.45,5511.28,1827.64,2893,2009.23,97.7,140,2038.6,3075,6,29.00,4.83,3.10,54.00
PT,0.50,16,458.73,460.53,2.079,13816,13816,0,100.0,460.53,56.53,77.63,0.00,0,0.94,94.7,141,156.9,172,3,9.00,3.00,3.13,21.00
PT,0.60,12,550.47,545.47,2.208,16364,16364,0,100.0,545.47,56.54,79.12,0.00,0,1.11,95.3,139,160.9,178,4,10.00,2.50,3.10,87.00
VT,0.30,9,275.24,274.87,1.749,8246,8246,0,100.0,274.87,55.27,63.89,0.00,0,0.21,95.3,139,138.0,138,3,6.00,2.00,3.07,6.00
VT,0.85,7,779.83,777.30,2.722,23319,23319,0,100.0,777.30,1106.30,2201.70,759.61,1597,817.56,95.9,134,138.0,138,10,51.00,5.10,2.90,28.00
VT,0.60,1,550.47,546.73,2.346,16402,16402,0,100.0,546.73,58.39,82.96,0.00,0,2.13,93.3,139,138.0,138,6,24.00,4.00,3.10,18.00
PT,0.70,17,642.22,635.73,2.149,19072,19072,0,100.0,635.73,60.32,90.98,0.37,26,3.70,92.6,139,174.0,200,12,22.00,1.83,3.10,66.00
VT,0.50,10,458.73,454.53,2.152,13636,13636,0,100.0,454.53,55.79,71.06,0.01,1,0.59,95.9,141,138.0,138,5,17.00,3.40,3.17,12.00
PT,0.75,19,688.09,700.90,2.241,21027,21027,0,100.0,700.90,83.42,249.05,13.88,116,20.27,91.2,139,195.0,300,12,41.00,3.42,3.10,10.00
PT,0.65,5,596.34,592.37,2.269,17771,17771,0,100.0,592.37,58.95,129.42,0.69,32,2.64,95.6,141,166.7,202,11,16.00,1.45,3.13,71.00
PT,0.70,18,642.22,642.10,2.173,19263,19263,0,100.0,642.10,62.98,110.24,0.83,31,5.45,89.0,139,171.4,198,11,39.00,3.55,3.10,52.00
PT,0.80,13,733.96,731.43,2.218,21943,21943,0,100.0,731.43,71.62,163.69,7.60,77,12.52,92.7,138,182.7,261,11,25.00,2.27,3.07,32.00
PT,0.80,14,733.96,733.77,2.229,22013,22013,0,100.0,733.77,73.74,159.28,7.47,68,14.12,97.4,139,185.0,250,10,30.00,3.00,3.07,49.00
PT,0.80,9,733.96,731.73,2.241,21952,21952,0,100.0,731.73,75.08,185.52,9.79,112,15.06,92.3,137,185.7,292,11,39.00,3.55,3.03,32.00
VT,0.50,19,458.73,460.10,2.228,13803,13803,0,100.0,460.10,55.93,72.65,0.01,1,0.66,96.4,141,138.0,138,5,8.00,1.60,3.17,12.00
VT,1.05,3,963.32,960.47,2.777,28814,28814,0,100.0,960.47,5943.20,11123.71,4378.61,7524,5655.90,117.1,169,138.0,138,21,119.00,5.67,4.10,121.00
PT,0.75,14,688.09,688.87,2.232,20666,20666,0,100.0,688.87,61.96,151.75,1.91,68,5.14,99.4,150,175.5,211,20,42.00,2.10,3.47,98.00
PT,1.05,12,963.32,970.33,2.091,29110,29110,0,100.0,970.33,4050.84,8750.01,3324.10,5260,3877.78,105.0,149,3567.0,5446,13,46.00,3.54,3.40,85.00
PT,0.70,8,642.22,646.43,2.163,19393,19393,0,100.0,646.43,61.22,96.68,0.60,24,4.35,98.7,149,170.1,192,8,12.00,1.50,3.43,14.00
PT,0.85,2,779.83,784.27,2.244,23528,23528,0,100.0,784.27,136.69,273.33,55.94,171,64.46,97.4,145,239.8,323,10,23.00,2.30,3.30,22.00
PT,0.50,6,458.73,461.83,1.974,13855,13855,0,100.0,461.83,58.28,79.94,0.01,1,1.75,97.8,143,155.7,167,10,22.00,2.20,3.23,75.00
PT,0.50,15,458.73,455.03,2.049,13651,13651,0,100.0,455.03,56.30,77.06,0.00,0,0.82,94.2,147,152.6,165,15,24.00,1.60,3.37,61.00
VT,0.50,16,458.73,455.13,2.177,13654,13654,0,100.0,455.13,58.04,78.60,0.00,0,1.61,100.4,147,138.0,138,6,22.00,3.67,3.33,80.00
VT,0.95,9,871.58,875.90,2.758,26277,26277,0,100.0,875.90,3536.77,6137.89,2583.92,4689,3050.12,106.3,143,138.0,138,16,102.00,6.38,3.20,73.00
VT,1.05,1,963.32,971.13,2.801,29134,29134,0,100.0,971.13,2369.19,4776.31,2100.47,3048,2247.87,102.2,134,138.0,138,15,56.00,3.73,2.93,85.00
PT,0.80,11,733.96,726.73,2.306,21802,21802,0,100.0,726.73,55.26,67.17,0.18,9,0.55,100.8,147,174.9,188,17,31.00,1.82,3.33,21.00
