Mode,Rho_Target,Rep,Lambda_Target_rps,Lambda_Achieved_rps,InterArrival_CV,Dispatched,Completed,Rejected,Success_Pct,Throughput_rps,Mean_Latency_ms,P99_ms,Nq_Semaphore_Mean,Nq_Semaphore_Max,Little_Nq_Check,Heap_Mean_MB,Heap_Max_MB,Threads_Mean,Threads_Max,GC_Collections,GC_Pause_Total_ms,GC_Pause_Mean_ms,Alloc_Rate_MB_s,Heap_Delta_MB
PT,0.75,5,595.30,594.37,2.169,17831,17831,0,100.0,594.37,59.84,74.02,0.02,2,0.00,130.8,203,171.0,185,33,112,3.39,4.97,33.00
PT,0.70,20,555.61,559.97,1.922,16799,16799,0,100.0,559.97,61.02,78.79,0.07,5,0.00,127.4,193,172.2,186,32,127,3.97,4.40,113.00
PT,0.65,1,515.93,518.17,1.976,15545,15545,0,100.0,518.17,61.24,76.05,0.02,3,0.00,130.6,186,169.1,188,29,122,4.21,4.20,130.00
PT,0.65,7,515.93,513.47,1.879,15404,15404,0,100.0,513.47,60.46,76.51,0.00,0,0.00,127.5,190,165.9,184,29,134,4.62,4.30,77.00
VT,0.75,7,595.30,593.93,2.360,17818,17818,0,100.0,593.93,62.18,77.93,0.06,5,0.00,116.2,170,134.0,135,38,176,4.63,3.87,65.00
PT,0.95,12,754.05,748.67,2.290,22460,22460,0,100.0,748.67,71.37,142.89,7.58,74,6.27,115.3,165,191.0,236,53,190,3.58,3.70,113.00
PT,0.85,5,674.67,671.63,2.142,20149,20149,0,100.0,671.63,64.17,96.98,1.75,21,0.79,111.6,166,177.4,195,34,158,4.65,3.73,70.00
VT,0.30,13,238.12,241.00,1.595,7230,7230,0,100.0,241.00,62.71,68.65,0.00,0,0.00,109.4,164,134.0,134,9,41,4.56,3.67,23.00
VT,0.95,13,754.05,751.03,2.673,22531,22531,0,100.0,751.03,72.06,109.74,6.73,42,6.81,120.2,167,133.4,134,32,262,8.19,3.80,97.00
PT,0.60,6,476.24,475.10,1.939,14253,14253,0,100.0,475.10,61.35,75.88,0.01,2,0.00,104.5,163,163.6,180,18,105,5.83,3.63,95.00
PT,0.50,7,396.87,396.33,1.838,11890,11890,0,100.0,396.33,61.00,73.88,0.00,0,0.00,105.8,155,157.8,166,15,98,6.53,3.37,83.00
PT,0.65,19,515.93,512.70,1.929,15381,15381,0,100.0,512.70,61.69,77.37,0.05,4,0.00,119.4,163,165.2,175,20,143,7.15,3.63,8.00
PT,0.85,1,674.67,678.00,2.166,20340,20340,0,100.0,678.00,64.34,98.17,1.87,29,0.91,111.0,160,181.0,207,27,160,5.93,3.53,92.00
PT,0.30,18,238.12,242.17,1.514,7265,7265,0,100.0,242.17,61.35,69.47,0.00,0,0.00,114.9,168,147.8,160,9,46,5.11,3.80,48.00
VT,0.80,6,634.99,643.70,2.415,19311,19311,0,100.0,643.70,62.95,83.06,0.34,19,0.00,114.9,164,134.0,134,26,188,7.23,3.70,27.00
VT,0.80,13,634.99,634.93,2.362,19048,19048,0,100.0,634.93,62.88,82.82,0.21,14,0.00,107.9,164,134.0,134,25,173,6.92,3.67,74.00
VT,0.95,18,754.05,751.03,2.556,22531,22531,0,100.0,751.03,71.65,124.44,7.40,53,6.50,115.1,165,133.0,133,32,197,6.16,3.70,110.00
VT,0.65,18,515.93,516.00,2.150,15480,15480,0,100.0,516.00,61.46,73.88,0.01,1,0.00,117.6,165,133.0,133,20,144,7.20,3.70,58.00
VT,0.65,5,515.93,510.07,2.248,15302,15302,0,100.0,510.07,62.24,72.97,0.00,0,0.00,123.2,163,133.0,133,20,109,5.45,3.63,31.00
VT,0.70,2,555.61,551.27,2.250,16538,16538,0,100.0,551.27,62.52,79.23,0.03,3,0.00,114.9,163,133.0,133,22,174,7.91,3.63,23.00
VT,1.05,12,833.42,846.10,2.693,25383,25383,0,100.0,846.10,980.93,1784.23,740.76,1350,776.67,112.9,165,133.0,133,36,244,6.78,3.70,132.00
VT,0.30,18,238.12,236.43,1.588,7093,7093,0,100.0,236.43,63.30,68.88,0.00,0,0.07,115.9,175,133.0,133,10,41,4.10,4.03,60.00
PT,0.65,3,515.93,521.90,1.951,15657,15657,0,100.0,521.90,61.53,77.54,0.03,4,0.00,111.1,160,165.1,180,20,130,6.50,3.57,69.00
PT,0.95,2,754.05,750.57,2.227,22517,22517,0,100.0,750.57,76.79,149.06,10.65,57,10.36,114.6,162,193.9,226,34,191,5.62,3.60,42.00
VT,0.30,17,238.12,236.47,1.613,7094,7094,0,100.0,236.47,62.83,66.89,0.00,0,0.00,115.2,166,133.0,133,9,22,2.44,3.73,14.00
VT,0.85,12,674.67,673.57,2.555,20207,20207,0,100.0,673.57,62.04,79.96,0.71,14,0.00,110.3,167,133.0,133,26,73,2.81,3.80,99.00
PT,0.80,2,634.99,627.97,2.276,18839,18839,0,100.0,627.97,59.80,75.49,0.19,13,0.00,111.0,164,174.5,196,25,93,3.72,3.67,60.00
PT,0.95,6,754.05,760.00,2.452,22800,22800,0,100.0,760.00,67.66,111.81,6.14,48,3.55,111.8,158,186.2,219,34,123,3.62,3.47,37.00
PT,0.30,11,238.12,237.23,1.463,7117,7117,0,100.0,237.23,60.66,69.26,0.00,0,0.00,115.1,166,147.1,154,9,44,4.89,3.73,22.00
VT,0.70,3,555.61,555.07,2.398,16652,16652,0,100.0,555.07,61.77,67.67,0.01,2,0.00,113.5,163,133.0,133,22,65,2.95,3.67,44.00
PT,0.80,19,634.99,640.80,2.074,19224,19224,0,100.0,640.80,63.25,91.07,1.05,27,0.17,111.9,163,174.5,188,25,142,5.68,3.63,82.00
VT,0.80,10,634.99,632.80,2.411,18984,18984,0,100.0,632.80,63.47,83.46,0.35,8,0.30,118.0,165,133.0,133,28,213,7.61,3.70,26.00
VT,0.50,11,396.87,391.40,2.007,11742,11742,0,100.0,391.40,62.85,71.21,0.00,0,0.00,112.8,165,133.0,133,15,77,5.13,3.70,44.00
PT,0.30,3,238.12,237.10,1.442,7113,7113,0,100.0,237.10,60.05,69.41,0.00,0,0.00,113.0,165,147.7,158,9,37,4.11,3.70,44.00
VT,0.85,1,674.67,669.90,2.465,20097,20097,0,100.0,669.90,64.04,85.53,0.50,16,0.70,120.1,162,133.0,133,27,195,7.22,3.63,21.00
VT,0.60,14,476.24,483.00,2.175,14490,14490,0,100.0,483.00,62.12,71.67,0.00,0,0.00,116.0,157,133.0,133,19,111,5.84,3.43,16.00
VT,0.95,2,754.05,749.53,2.582,22486,22486,0,100.0,749.53,69.08,108.68,4.50,47,4.56,112.2,158,133.0,133,35,207,5.91,3.47,95.00
PT,0.85,17,674.67,683.00,2.092,20490,20490,0,100.0,683.00,64.77,97.47,2.20,31,1.22,127.5,192,182.1,214,22,137,6.23,4.60,88.00
PT,0.60,9,476.24,476.00,1.845,14280,14280,0,100.0,476.00,61.45,76.71,0.05,7,0.00,115.8,171,164.9,190,19,134,7.05,3.90,59.00
VT,0.60,13,476.24,474.27,2.092,14228,14228,0,100.0,474.27,61.46,72.02,0.00,0,0.00,115.4,170,133.0,133,17,120,7.06,3.87,119.00
PT,0.85,12,674.67,670.23,2.089,20107,20107,0,100.0,670.23,64.07,93.94,1.40,29,0.72,118.0,172,177.0,201,26,156,6.00,3.93,35.00
PT,0.85,4,674.67,677.63,2.066,20329,20329,0,100.0,677.63,62.57,95.37,0.89,12,0.00,110.8,162,176.0,191,25,166,6.64,3.60,105.00
PT,0.85,10,674.67,684.30,2.142,20529,20529,0,100.0,684.30,66.18,100.00,2.76,23,2.18,115.5,167,184.4,201,26,185,7.12,3.77,71.00
VT,0.80,4,634.99,637.97,2.360,19139,19139,0,100.0,637.97,63.08,82.84,0.36,6,0.05,116.4,159,132.5,134,25,209,8.36,3.50,79.00
PT,0.80,8,634.99,629.97,2.051,18899,18899,0,100.0,629.97,62.09,87.50,0.45,18,0.00,113.0,164,170.7,189,25,182,7.28,3.67,94.00
PT,0.95,20,754.05,758.17,2.218,22745,22745,0,100.0,758.17,72.89,138.51,9.53,69,7.50,110.7,163,191.2,231,34,173,5.09,3.63,39.00
PT,0.30,2,238.12,235.87,1.491,7076,7076,0,100.0,235.87,61.03,69.47,0.00,0,0.00,108.4,161,145.2,151,9,62,6.89,3.57,30.00
PT,0.85,9,674.67,673.60,2.153,20208,20208,0,100.0,673.60,63.60,98.86,1.99,33,0.41,119.6,166,176.0,199,27,190,7.04,3.77,31.00
VT,0.60,19,476.24,476.63,2.174,14299,14299,0,100.0,476.63,62.55,72.63,0.00,0,0.00,103.1,161,132.0,132,18,112,6.22,3.57,109.00
VT,0.70,16,555.61,559.83,2.199,16795,16795,0,100.0,559.83,61.30,76.78,0.05,3,0.00,113.7,162,132.0,132,22,145,6.59,3.60,36.00
VT,0.80,12,634.99,629.23,2.384,18877,18877,0,100.0,629.23,63.51,82.70,0.18,9,0.33,113.7,160,132.0,132,25,203,8.12,3.53,66.00
VT,0.60,17,476.24,477.57,2.188,14327,14327,0,100.0,477.57,62.62,73.31,0.00,0,0.00,118.4,165,132.0,132,18,118,6.56,3.70,77.00
PT,0.30,12,238.12,239.03,1.537,7171,7171,0,100.0,239.03,61.23,68.85,0.00,0,0.00,108.2,164,146.7,152,9,49,5.44,3.67,50.00
VT,1.05,2,833.42,830.30,2.844,24909,24909,0,100.0,830.30,1316.33,2054.83,988.11,1601,1040.65,109.8,159,132.0,132,39,274,7.03,3.53,33.00
VT,0.80,16,634.99,634.70,2.410,19041,19041,0,100.0,634.70,63.58,83.37,0.34,8,0.37,114.6,164,132.0,132,25,183,7.32,3.67,40.00
PT,0.70,5,555.61,556.77,1.927,16703,16703,0,100.0,556.77,60.30,76.98,0.03,5,0.00,110.6,168,166.2,176,22,143,6.50,3.80,66.00
PT,1.05,15,833.42,837.27,2.206,25118,25118,0,100.0,837.27,1403.32,2564.96,1033.19,1906,1122.21,120.4,180,1242.8,2090,31,236,7.61,4.20,85.00
VT,0.30,12,238.12,239.17,1.577,7175,7175,0,100.0,239.17,62.28,67.86,0.00,0,0.00,110.8,165,132.0,132,10,28,2.80,3.70,100.00
VT,0.75,5,595.30,596.50,2.314,17895,17895,0,100.0,596.50,62.82,81.58,0.12,6,0.00,113.9,161,132.0,132,23,165,7.17,3.60,84.00
PT,0.80,1,634.99,635.70,2.049,19071,19071,0,100.0,635.70,62.32,87.28,0.56,12,0.00,113.9,164,172.1,193,28,163,5.82,3.67,61.00
VT,0.70,8,555.61,555.73,2.256,16672,16672,0,100.0,555.73,62.12,76.29,0.03,4,0.00,114.2,161,132.0,132,22,154,7.00,3.57,40.00
VT,0.80,8,634.99,629.13,2.403,18874,18874,0,100.0,629.13,63.66,83.23,0.34,19,0.42,116.9,167,132.0,132,25,203,8.12,3.77,54.00
PT,0.75,11,595.30,597.57,1.996,17927,17927,0,100.0,597.57,62.43,89.59,0.40,34,0.00,118.5,166,172.4,186,23,162,7.04,3.73,91.00
PT,0.75,17,595.30,593.43,2.022,17803,17803,0,100.0,593.43,62.25,81.57,0.46,15,0.00,113.1,160,171.0,197,23,137,5.96,3.53,87.00
PT,0.85,16,674.67,669.97,2.232,20099,20099,0,100.0,669.97,70.49,221.18,4.84,148,5.03,119.4,164,181.3,265,27,167,6.19,3.67,79.00
VT,0.50,7,396.87,393.30,1.981,11799,11799,0,100.0,393.30,62.45,72.06,0.00,0,0.00,112.3,167,132.3,133,15,103,6.87,3.77,33.00
PT,0.65,15,515.93,513.23,1.920,15397,15397,0,100.0,513.23,60.81,76.71,0.12,8,0.00,104.2,154,164.9,185,20,124,6.20,3.37,77.00
PT,0.95,14,754.05,753.63,2.247,22609,22609,0,100.0,753.63,79.75,151.30,13.71,85,12.63,116.1,165,195.8,248,33,195,5.91,3.70,109.00
PT,0.50,19,396.87,400.50,1.837,12015,12015,0,100.0,400.50,60.96,73.94,0.00,0,0.00,106.3,161,158.7,174,15,97,6.47,3.57,73.00
PT,0.65,16,515.93,524.50,1.993,15735,15735,0,100.0,524.50,61.71,76.30,0.01,2,0.00,111.7,164,166.2,184,20,111,5.55,3.67,59.00
PT,0.60,5,476.24,475.20,1.841,14256,14256,0,100.0,475.20,60.45,75.55,0.02,3,0.00,120.5,167,161.9,176,18,110,6.11,3.77,70.00
VT,0.60,3,476.24,467.93,2.096,14038,14038,0,100.0,467.93,62.04,73.23,0.00,0,0.00,105.0,158,132.0,132,18,108,6.00,3.47,51.00
VT,0.65,1,515.93,510.93,2.209,15328,15328,0,100.0,510.93,62.06,73.21,0.03,4,0.00,112.3,160,132.0,132,20,125,6.25,3.53,39.00
PT,0.75,20,595.30,593.87,2.054,17816,17816,0,100.0,593.87,62.33,82.56,0.21,8,0.00,114.1,160,170.8,186,23,170,7.39,3.53,87.00
VT,0.85,20,674.67,675.23,2.371,20257,20257,0,100.0,675.23,63.46,87.94,0.83,12,0.31,111.3,168,132.0,132,27,205,7.59,3.80,47.00
VT,1.05,18,833.42,845.03,2.801,25351,25351,0,100.0,845.03,1288.16,2156.07,982.68,1656,1035.31,120.5,166,132.0,132,42,272,6.48,3.73,59.00
PT,0.70,16,555.61,551.67,2.002,16550,16550,0,100.0,551.67,62.84,83.78,0.12,4,0.00,113.7,158,169.0,182,22,177,8.05,3.47,59.00
PT,0.70,19,555.61,554.63,1.980,16639,16639,0,100.0,554.63,62.22,78.55,0.00,0,0.00,115.4,165,167.6,180,22,163,7.41,3.70,70.00
VT,0.65,4,515.93,518.07,2.113,15542,15542,0,100.0,518.07,61.09,73.84,0.02,3,0.00,115.2,167,132.0,132,20,125,6.25,3.77,46.00
VT,0.50,8,396.87,395.50,1.940,11865,11865,0,100.0,395.50,61.65,71.44,0.00,0,0.00,113.2,164,132.0,132,15,97,6.47,3.67,65.00
VT,0.30,6,238.12,233.67,1.576,7010,7010,0,100.0,233.67,62.79,68.56,0.00,0,0.00,115.5,167,132.0,132,8,28,3.50,3.80,113.00
PT,0.95,13,754.05,755.53,2.258,22666,22666,0,100.0,755.53,86.82,214.45,18.67,114,18.00,111.6,164,199.7,299,34,207,6.09,3.70,74.00
VT,0.65,17,515.93,525.07,2.241,15752,15752,0,100.0,525.07,62.67,76.02,0.01,2,0.00,118.0,167,132.0,132,20,143,7.15,3.77,66.00
PT,0.70,3,555.61,548.30,1.983,16449,16449,0,100.0,548.30,60.53,75.80,0.05,3,0.00,114.9,166,166.8,180,22,118,5.36,3.73,24.00
PT,0.50,8,396.87,394.03,1.809,11821,11821,0,100.0,394.03,60.82,74.69,0.00,0,0.00,110.8,165,157.9,166,15,102,6.80,3.70,65.00
PT,0.70,12,555.61,564.13,1.912,16924,16924,0,100.0,564.13,61.61,79.71,0.22,26,0.00,112.3,164,167.8,208,22,114,5.18,3.67,69.00
VT,0.85,4,674.67,673.47,2.483,20204,20204,0,100.0,673.47,64.02,86.05,0.97,15,0.69,112.7,159,133.5,134,27,190,7.04,3.50,92.00
VT,0.30,1,238.12,233.50,1.583,7005,7005,0,100.0,233.50,63.06,68.61,0.00,0,0.02,115.1,163,132.0,132,9,43,4.78,3.63,4.00
PT,0.80,17,634.99,639.17,2.093,19175,19175,0,100.0,639.17,61.97,89.31,0.50,19,0.00,124.1,167,173.3,201,25,155,6.20,3.80,104.00
PT,0.60,20,476.24,479.33,1.889,14380,14380,0,100.0,479.33,60.58,75.41,0.00,0,0.00,108.0,161,162.3,175,18,104,5.78,3.57,98.00
PT,0.50,14,396.87,394.23,1.839,11827,11827,0,100.0,394.23,60.85,71.25,0.00,0,0.00,110.9,166,155.6,170,15,81,5.40,3.73,55.00
VT,0.85,16,674.67,672.40,2.483,20172,20172,0,100.0,672.40,64.74,86.71,0.87,20,1.17,115.9,163,132.0,132,27,215,7.96,3.63,29.00
PT,0.95,17,754.05,749.60,2.188,22488,22488,0,100.0,749.60,79.87,146.10,12.45,62,12.65,119.7,183,196.1,241,30,213,7.10,4.30,25.00
PT,0.60,1,476.24,472.47,2.157,14174,14174,0,100.0,472.47,61.45,67.80,0.00,0,0.00,115.4,172,160.7,175,19,64,3.37,3.93,76.00
PT,1.05,18,833.42,828.73,2.472,24862,24862,0,100.0,828.73,385.89,820.72,261.78,628,267.60,115.7,164,449.5,789,32,119,3.72,3.67,34.00
VT,0.80,3,634.99,635.13,2.509,19054,19054,0,100.0,635.13,62.21,78.22,0.20,5,0.00,117.4,170,132.0,132,24,78,3.25,3.87,87.00
PT,0.70,10,555.61,548.80,2.225,16464,16464,0,100.0,548.80,60.30,67.77,0.00,0,0.00,117.1,171,165.3,180,20,72,3.60,3.90,108.00
VT,0.95,11,754.05,760.20,2.715,22806,22806,0,100.0,760.20,71.92,141.12,7.73,60,6.79,120.4,171,132.0,132,29,122,4.21,3.90,101.00
VT,0.70,15,555.61,556.00,2.261,16680,16680,0,100.0,556.00,61.93,78.02,0.05,4,0.00,117.6,166,132.0,132,21,107,5.10,3.73,36.00
PT,0.95,4,754.05,765.00,2.294,22950,22950,0,100.0,765.00,97.27,167.34,24.54,85,26.22,114.2,165,212.2,257,30,169,5.63,3.70,32.00
PT,0.85,6,674.67,672.10,2.179,20163,20163,0,100.0,672.10,63.38,93.43,0.91,21,0.26,112.7,160,176.1,200,25,138,5.52,3.53,79.00
VT,0.65,12,515.93,518.40,2.257,15552,15552,0,100.0,518.40,62.83,76.98,0.00,0,0.00,121.1,166,132.0,132,19,144,7.58,3.73,83.00
PT,0.30,15,238.12,242.13,1.510,7264,7264,0,100.0,242.13,60.76,65.79,0.00,0,0.00,115.1,169,146.9,155,9,32,3.56,3.83,38.00
PT,0.85,20,674.67,685.03,2.159,20551,20551,0,100.0,685.03,64.09,98.05,1.51,23,0.75,113.0,167,180.0,206,26,138,5.31,3.80,27.00
PT,0.30,17,238.12,238.20,1.486,7146,7146,0,100.0,238.20,60.56,66.38,0.00,0,0.00,118.0,168,147.2,155,9,33,3.67,3.80,8.00
VT,0.30,8,238.12,237.13,1.586,7114,7114,0,100.0,237.13,62.69,68.18,0.00,0,0.00,115.7,171,132.0,132,8,16,2.00,3.93,86.00
VT,0.85,11,674.67,674.27,2.471,20228,20228,0,100.0,674.27,64.92,88.68,1.40,25,1.30,107.9,156,132.0,132,26,209,8.04,3.43,112.00
VT,0.75,4,595.30,595.57,2.310,17867,17867,0,100.0,595.57,62.19,79.57,0.12,7,0.00,111.8,156,132.0,132,26,196,7.54,3.40,28.00
VT,0.75,12,595.30,591.73,2.301,17752,17752,0,100.0,591.73,62.34,80.78,0.26,18,0.00,115.1,166,132.0,132,23,163,7.09,3.73,78.00
PT,0.95,1,754.05,741.40,2.184,22242,22242,0,100.0,741.40,69.65,114.03,6.04,34,4.93,114.3,163,188.4,216,34,203,5.97,3.63,45.00
PT,0.75,13,595.30,595.73,1.995,17872,17872,0,100.0,595.73,62.21,80.33,0.12,11,0.00,112.6,165,170.9,185,23,139,6.04,3.70,95.00
VT,0.75,2,595.30,604.03,2.383,18121,18121,0,100.0,604.03,63.46,81.23,0.13,10,0.28,117.4,165,132.0,132,24,197,8.21,3.70,39.00
VT,0.85,15,674.67,672.63,2.434,20179,20179,0,100.0,672.63,63.91,87.28,1.12,19,0.61,106.0,154,132.0,132,27,217,8.04,3.33,41.00
VT,0.30,14,238.12,235.90,1.575,7077,7077,0,100.0,235.90,62.58,68.46,0.00,0,0.00,113.7,166,132.0,132,9,44,4.89,3.73,11.00
VT,0.60,2,476.24,470.67,2.114,14120,14120,0,100.0,470.67,62.18,73.13,0.04,6,0.00,120.5,166,132.0,132,18,116,6.44,3.77,65.00
PT,0.30,9,238.12,238.03,1.469,7141,7141,0,100.0,238.03,61.06,69.86,0.00,0,0.00,113.6,166,146.9,158,9,39,4.33,3.73,46.00
PT,0.65,18,515.93,519.40,1.970,15582,15582,0,100.0,519.40,60.60,77.34,0.01,1,0.00,116.8,165,163.9,176,20,116,5.80,3.73,39.00
VT,0.30,5,238.12,241.70,1.591,7251,7251,0,100.0,241.70,62.40,68.48,0.00,0,0.00,110.1,165,132.0,132,9,40,4.44,3.70,16.00
PT,0.30,16,238.12,241.23,1.456,7237,7237,0,100.0,241.23,60.04,68.90,0.00,0,0.00,115.8,167,147.5,165,9,41,4.56,3.80,46.00
PT,1.05,10,833.42,834.87,2.154,25046,25046,0,100.0,834.87,1386.54,2002.26,1061.51,1500,1104.98,114.5,161,1258.3,1666,34,208,6.12,3.60,45.00
VT,0.95,15,754.05,750.33,2.610,22510,22510,0,100.0,750.33,68.68,101.26,5.24,27,4.27,125.7,189,132.0,132,25,189,7.56,4.50,57.00
VT,0.65,2,515.93,516.70,2.106,15501,15501,0,100.0,516.70,61.12,74.55,0.00,0,0.00,113.1,154,132.0,132,21,119,5.67,3.33,70.00
VT,0.75,1,595.30,590.27,2.315,17708,17708,0,100.0,590.27,62.50,80.27,0.01,1,0.00,122.3,172,132.0,132,22,162,7.36,3.93,73.00
VT,0.50,3,396.87,394.43,1.999,11833,11833,0,100.0,394.43,62.75,71.75,0.00,0,0.00,114.5,169,132.0,132,14,96,6.86,3.83,87.00
VT,0.95,3,754.05,752.87,2.692,22586,22586,0,100.0,752.87,71.06,105.44,6.08,36,6.07,118.6,170,132.0,132,29,205,7.07,3.90,89.00
VT,0.70,7,555.61,556.67,2.291,16700,16700,0,100.0,556.67,62.74,77.55,0.05,4,0.00,114.8,165,132.0,132,21,170,8.10,3.70,98.00
PT,0.65,8,515.93,522.20,1.926,15666,15666,0,100.0,522.20,61.49,77.58,0.00,0,0.00,114.2,168,164.9,181,20,145,7.25,3.80,63.00
VT,0.75,11,595.30,596.90,2.312,17907,17907,0,100.0,596.90,62.71,80.36,0.16,7,0.00,112.3,163,132.0,132,24,193,8.04,3.63,14.00
PT,0.75,12,595.30,601.63,2.049,18049,18049,0,100.0,601.63,63.02,83.13,0.34,11,0.02,118.8,168,175.3,193,24,154,6.42,3.80,26.00
VT,0.60,5,476.24,472.73,2.146,14182,14182,0,100.0,472.73,62.18,72.30,0.00,0,0.00,104.2,165,133.9,134,18,113,6.28,3.70,100.00
PT,0.65,20,515.93,511.83,1.993,15355,15355,0,100.0,511.83,61.49,76.27,0.00,0,0.00,106.5,168,164.6,185,20,121,6.05,3.80,54.00
VT,0.70,20,555.61,553.47,2.333,16604,16604,0,100.0,553.47,63.76,81.01,0.02,2,0.42,116.9,162,132.0,132,22,210,9.55,3.60,47.00
VT,0.85,9,674.67,677.43,2.485,20323,20323,0,100.0,677.43,64.77,88.46,0.87,15,1.20,107.8,159,132.0,132,27,192,7.11,3.50,41.00
PT,1.05,6,833.42,840.80,2.125,25224,25224,0,100.0,840.80,1989.88,3091.60,1504.27,2323,1620.13,128.9,193,1717.7,2509,30,238,7.93,4.63,76.00
VT,0.65,8,515.93,514.90,2.190,15447,15447,0,100.0,514.90,62.06,75.93,0.02,2,0.00,101.4,143,132.0,132,21,150,7.14,2.97,64.00
PT,0.65,10,515.93,512.10,1.955,15363,15363,0,100.0,512.10,61.29,76.63,0.12,13,0.00,126.9,159,165.7,195,19,119,6.26,3.50,75.00
VT,1.05,11,833.42,840.87,2.834,25226,25226,0,100.0,840.87,1243.43,1850.88,952.07,1516,992.59,113.6,162,132.0,132,38,237,6.24,3.60,33.00
VT,0.65,7,515.93,513.83,2.231,15415,15415,0,100.0,513.83,62.87,77.41,0.00,0,0.00,120.1,168,132.0,132,19,144,7.58,3.80,52.00
PT,0.50,10,396.87,398.90,1.828,11967,11967,0,100.0,398.90,60.99,73.94,0.00,0,0.00,115.3,170,157.3,165,15,96,6.40,3.87,23.00
PT,0.30,10,238.12,238.00,1.496,7140,7140,0,100.0,238.00,60.82,68.64,0.00,0,0.00,109.8,157,145.9,153,9,50,5.56,3.43,28.00
VT,0.65,11,515.93,520.23,2.214,15607,15607,0,100.0,520.23,61.81,72.65,0.00,0,0.00,115.1,165,132.0,132,20,117,5.85,3.73,62.00
VT,0.30,20,238.12,243.10,1.594,7293,7293,0,100.0,243.10,62.54,68.76,0.00,0,0.00,110.6,163,132.0,132,9,39,4.33,3.63,34.00
VT,0.60,4,476.24,476.83,2.647,14305,14305,0,100.0,476.83,69.01,182.62,1.14,52,2.87,109.1,154,132.0,132,18,95,5.28,3.37,93.00
PT,1.05,4,833.42,1014.60,3.342,30438,30438,369,100.0,1014.60,10312.05,13414.29,8645.01,9949,10398.70,121.4,166,8987.0,10115,44,427,9.70,3.73,42.00
VT,0.70,1,555.61,560.47,2.298,16814,16814,0,100.0,560.47,63.71,83.84,0.13,10,0.40,119.5,171,132.0,132,23,176,7.65,3.90,27.00
PT,1.05,20,833.42,830.03,2.072,24901,24901,0,100.0,830.03,1757.06,2478.64,1335.68,1898,1406.13,120.4,170,1532.7,2052,32,247,7.72,3.87,115.00
VT,0.30,19,238.12,238.47,1.611,7154,7154,0,100.0,238.47,63.79,69.44,0.00,0,0.19,111.4,168,132.0,132,8,34,4.25,3.80,90.00
PT,0.70,2,555.61,555.10,1.963,16653,16653,0,100.0,555.10,62.11,86.96,0.11,6,0.00,114.8,172,166.3,181,20,126,6.30,3.97,112.00
VT,0.95,8,754.05,754.10,2.705,22623,22623,0,100.0,754.10,76.63,125.06,9.37,51,10.28,119.0,166,132.0,132,29,219,7.55,3.73,104.00
PT,0.65,9,515.93,514.77,1.957,15443,15443,0,100.0,514.77,62.59,81.35,0.00,0,0.00,96.2,133,166.5,179,19,160,8.42,2.63,58.00
VT,0.95,19,754.05,761.73,2.582,22852,22852,0,100.0,761.73,71.28,114.73,6.73,39,6.31,126.0,172,132.0,132,29,200,6.90,3.93,114.00
VT,0.30,3,238.12,235.47,1.583,7064,7064,0,100.0,235.47,62.92,68.88,0.00,0,0.00,109.1,164,132.0,132,8,32,4.00,3.67,82.00
PT,0.50,4,396.87,398.77,1.724,11963,11963,0,100.0,398.77,61.67,77.62,0.00,0,0.00,116.0,167,157.2,168,15,126,8.40,3.80,20.00
VT,0.65,6,515.93,514.97,2.183,15449,15449,0,100.0,514.97,62.82,79.81,0.00,0,0.00,109.7,171,132.0,132,19,157,8.26,3.93,47.00
PT,0.65,17,515.93,512.60,1.915,15378,15378,0,100.0,512.60,62.11,80.24,0.05,6,0.00,128.0,168,166.0,182,19,137,7.21,3.80,83.00
VT,0.80,1,634.99,637.67,2.392,19130,19130,0,100.0,637.67,64.66,87.77,0.41,16,1.06,113.8,168,132.0,132,24,194,8.08,3.80,83.00
VT,0.70,17,555.61,552.43,2.282,16573,16573,0,100.0,552.43,64.17,83.28,0.03,5,0.65,112.7,165,132.0,132,21,187,8.90,3.70,15.00
VT,0.80,18,634.99,633.03,2.194,18991,18991,0,100.0,633.03,61.75,83.32,0.43,20,0.00,116.8,168,132.0,132,24,161,6.71,3.80,29.00
VT,0.30,4,238.12,227.67,1.568,6830,6830,0,100.0,227.67,62.85,67.89,0.00,0,0.00,116.7,170,132.0,132,8,31,3.88,3.87,58.00
PT,0.75,9,595.30,595.30,2.013,17859,17859,0,100.0,595.30,62.62,103.03,0.41,21,0.00,113.1,168,172.6,197,22,149,6.77,3.83,54.00
VT,0.60,18,476.24,481.53,2.136,14446,14446,0,100.0,481.53,62.14,75.13,0.00,0,0.00,119.3,171,132.0,132,18,105,5.83,3.90,14.00
VT,0.70,10,555.61,562.50,2.330,16875,16875,0,100.0,562.50,64.07,82.71,0.24,11,0.60,113.7,166,132.0,132,21,152,7.24,3.73,24.00
VT,0.50,15,396.87,395.10,1.918,11853,11853,0,100.0,395.10,61.37,72.19,0.00,0,0.00,113.8,170,132.0,132,14,65,4.64,3.87,93.00
PT,0.80,12,634.99,633.30,2.074,18999,18999,0,100.0,633.30,63.51,93.41,0.63,13,0.33,117.9,170,173.1,189,24,159,6.63,3.87,21.00
VT,0.85,5,674.67,669.37,2.495,20081,20081,0,100.0,669.37,65.79,91.37,1.23,16,1.87,117.6,171,132.0,132,25,200,8.00,3.90,79.00
VT,0.75,19,595.30,596.33,2.374,17890,17890,0,100.0,596.33,64.56,85.65,0.24,13,0.93,118.4,168,132.0,132,22,197,8.95,3.80,79.00
VT,1.05,5,833.42,824.73,2.857,24742,24742,0,100.0,824.73,749.42,1306.45,545.63,1041,566.12,111.9,163,132.1,133,37,242,6.54,3.63,53.00
PT,0.80,7,634.99,633.20,2.094,18996,18996,0,100.0,633.20,63.66,94.40,0.98,27,0.42,116.9,171,176.1,194,24,188,7.83,3.90,46.00
VT,1.05,13,833.42,837.27,2.889,25118,25118,0,100.0,837.27,1388.15,2289.10,1044.70,1780,1109.51,119.2,169,132.7,133,40,238,5.95,3.83,51.00
PT,0.85,18,674.67,679.97,2.117,20399,20399,0,100.0,679.97,67.05,107.75,3.58,31,2.76,110.2,157,183.9,215,26,151,5.81,3.43,71.00
VT,0.85,18,674.67,672.70,2.436,20181,20181,0,100.0,672.70,63.91,86.68,0.74,14,0.62,122.4,171,132.3,134,26,188,7.23,3.90,37.00
VT,0.60,7,476.24,472.03,2.127,14161,14161,0,100.0,472.03,63.18,79.14,0.00,0,0.09,118.6,170,133.1,134,17,127,7.47,3.87,96.00
PT,0.65,12,515.93,510.93,1.939,15328,15328,0,100.0,510.93,62.60,82.63,0.02,2,0.00,112.6,152,167.9,187,19,180,9.47,3.27,80.00
VT,0.80,17,634.99,635.53,2.400,19066,19066,0,100.0,635.53,64.40,87.57,0.38,11,0.89,116.2,169,132.3,134,24,211,8.79,3.83,45.00
PT,0.75,3,595.30,591.67,1.989,17750,17750,0,100.0,591.67,63.00,85.78,0.24,7,0.00,119.0,172,172.3,185,22,158,7.18,3.93,87.00
VT,0.85,6,674.67,669.17,2.512,20075,20075,0,100.0,669.17,66.42,97.26,1.64,25,2.29,117.5,170,132.0,132,25,191,7.64,3.87,97.00
VT,0.85,10,674.67,670.20,2.431,20106,20106,0,100.0,670.20,64.05,93.76,1.04,22,0.71,118.8,165,132.0,132,26,189,7.27,3.70,17.00
VT,1.05,17,833.42,835.03,2.848,25051,25051,0,100.0,835.03,1574.90,2324.20,1195.29,1807,1262.49,108.0,164,132.0,132,38,282,7.42,3.67,33.00
VT,0.95,6,754.05,756.93,2.792,22708,22708,0,100.0,756.93,88.29,148.89,17.55,61,19.15,115.2,171,132.0,132,29,220,7.59,3.90,98.00
PT,0.85,3,674.67,672.60,2.145,20178,20178,0,100.0,672.60,64.49,96.42,1.64,20,1.01,112.8,171,177.2,193,26,177,6.81,3.90,32.00
PT,1.05,16,833.42,838.10,2.089,25143,25143,0,100.0,838.10,1860.24,2887.41,1410.05,2236,1506.28,118.3,168,1616.2,2412,35,232,6.63,3.80,33.00
VT,0.75,18,595.30,588.93,2.351,17668,17668,0,100.0,588.93,64.86,86.47,0.32,15,1.10,112.4,172,132.0,132,22,208,9.45,3.93,47.00
PT,0.80,16,634.99,634.73,2.024,19042,19042,0,100.0,634.73,63.49,93.90,1.13,31,0.32,110.3,169,171.9,187,24,153,6.38,3.83,61.00
PT,0.95,5,754.05,757.27,2.190,22718,22718,0,100.0,757.27,85.57,166.02,17.59,65,17.09,115.7,166,203.9,250,30,204,6.80,3.73,98.00
PT,0.85,13,674.67,687.47,2.168,20624,20624,0,100.0,687.47,65.67,106.85,2.84,24,1.84,129.7,191,179.9,206,21,144,6.86,4.57,133.00
VT,0.50,9,396.87,394.57,1.962,11837,11837,0,100.0,394.57,62.31,72.19,0.00,0,0.00,113.3,170,132.0,132,16,91,5.69,3.87,95.00
VT,0.50,5,396.87,402.73,1.982,12082,12082,0,100.0,402.73,62.28,72.86,0.00,0,0.00,112.9,166,132.0,132,14,84,6.00,3.73,104.00
VT,0.70,13,555.61,553.93,2.309,16618,16618,0,100.0,553.93,62.67,77.73,0.02,3,0.00,115.3,168,132.0,132,21,155,7.38,3.80,14.00
PT,0.50,9,396.87,398.23,1.800,11947,11947,0,100.0,398.23,61.73,76.48,0.00,0,0.00,117.2,168,158.5,166,15,92,6.13,3.80,21.00
PT,0.80,3,634.99,634.33,2.058,19030,19030,0,100.0,634.33,63.76,92.98,0.74,15,0.49,113.2,165,172.7,195,23,173,7.52,3.70,106.00
PT,0.50,13,396.87,391.00,1.781,11730,11730,0,100.0,391.00,61.90,76.89,0.00,0,0.00,114.1,163,158.1,176,14,107,7.64,3.63,88.00
VT,0.85,3,674.67,673.23,2.401,20197,20197,0,100.0,673.23,64.69,92.75,1.08,13,1.14,123.7,171,132.0,132,25,180,7.20,3.90,99.00
PT,0.30,8,238.12,234.37,1.481,7031,7031,0,100.0,234.37,60.73,70.07,0.00,0,0.00,115.3,171,147.2,161,8,49,6.13,3.90,116.00
PT,0.60,7,476.24,477.30,1.881,14319,14319,0,100.0,477.30,61.49,78.06,0.00,0,0.00,117.6,167,162.7,182,18,134,7.44,3.80,16.00
PT,0.80,20,634.99,633.23,2.035,18997,18997,0,100.0,633.23,63.77,95.56,0.89,22,0.49,120.1,173,172.5,190,23,149,6.48,3.97,99.00
VT,0.75,10,595.30,590.60,2.347,17718,17718,0,100.0,590.60,63.39,81.40,0.11,5,0.24,116.3,172,132.0,132,22,174,7.91,3.93,73.00
PT,0.75,1,595.30,600.10,2.033,18003,18003,0,100.0,600.10,62.56,81.21,0.14,7,0.00,114.2,172,172.0,189,22,163,7.41,3.93,91.00
VT,0.60,9,476.24,484.93,2.240,14548,14548,0,100.0,484.93,63.43,77.19,0.00,0,0.21,114.9,169,132.0,132,18,135,7.50,3.83,49.00
VT,0.75,3,595.30,591.17,2.269,17735,17735,0,100.0,591.17,62.78,83.22,0.22,12,0.00,116.1,172,132.0,132,22,187,8.50,3.93,59.00
PT,0.60,11,476.24,470.40,1.874,14112,14112,0,100.0,470.40,62.27,78.33,0.00,0,0.00,117.1,170,161.9,179,17,133,7.82,3.87,103.00
VT,0.50,2,396.87,398.60,1.942,11958,11958,0,100.0,398.60,61.92,73.63,0.00,0,0.00,113.1,162,132.0,132,14,92,6.57,3.60,99.00
VT,1.05,6,833.42,836.07,2.901,25082,25082,0,100.0,836.07,1880.77,2903.47,1420.42,2221,1519.78,120.3,167,132.0,132,40,309,7.73,3.77,61.00
VT,1.05,9,833.42,826.87,2.732,24806,24806,0,100.0,826.87,870.45,1596.78,636.83,1184,667.66,122.0,182,132.0,132,33,255,7.73,4.27,100.00
PT,1.05,2,833.42,834.23,2.154,25027,25027,0,100.0,834.23,1617.83,2417.99,1226.02,1916,1297.10,126.4,189,1429.8,2098,29,227,7.83,4.50,67.00
VT,0.75,20,595.30,594.00,2.254,17820,17820,0,100.0,594.00,62.81,83.80,0.32,17,0.00,119.4,172,132.0,132,24,203,8.46,3.93,57.00
VT,0.80,7,634.99,631.70,2.262,18951,18951,0,100.0,631.70,62.06,83.13,0.36,13,0.00,119.8,172,132.0,132,24,187,7.79,3.93,39.00
PT,0.95,11,754.05,757.97,2.133,22739,22739,0,100.0,757.97,84.85,153.74,17.22,66,16.57,122.1,191,201.3,236,28,196,7.00,4.57,124.00
PT,0.85,15,674.67,672.10,2.070,20163,20163,0,100.0,672.10,64.84,106.77,1.76,26,1.24,115.1,172,177.0,195,27,157,5.81,3.93,55.00
PT,0.60,13,476.24,483.37,1.901,14501,14501,0,100.0,483.37,61.77,78.64,0.00,0,0.00,118.5,171,163.6,176,18,124,6.89,3.90,16.00
PT,1.05,9,833.42,840.50,2.082,25215,25215,0,100.0,840.50,1670.59,3025.02,1231.83,2302,1351.19,110.9,162,1446.3,2474,35,264,7.54,3.60,50.00
PT,1.05,13,833.42,832.87,2.080,24986,24986,0,100.0,832.87,1692.10,2856.24,1255.26,2156,1356.83,116.6,163,1467.9,2336,34,229,6.74,3.63,112.00
VT,0.80,9,634.99,631.27,2.375,18938,18938,0,100.0,631.27,63.85,85.20,0.86,19,0.54,112.0,168,132.0,132,23,177,7.70,3.80,116.00
VT,0.85,2,674.67,677.77,2.412,20333,20333,0,100.0,677.77,64.87,92.41,0.90,14,1.27,116.0,171,132.0,132,26,223,8.58,3.90,27.00
VT,0.65,3,515.93,515.17,2.125,15455,15455,0,100.0,515.17,61.91,76.98,0.01,1,0.00,99.3,134,132.3,134,19,135,7.11,2.67,59.00
VT,0.95,1,754.05,752.17,2.610,22565,22565,0,100.0,752.17,70.43,106.14,5.16,38,5.59,115.3,164,133.0,134,31,215,6.94,3.67,120.00
VT,0.60,15,476.24,475.37,2.165,14261,14261,0,100.0,475.37,62.87,75.64,0.00,0,0.00,114.8,168,133.4,134,17,119,7.00,3.80,112.00
PT,1.05,5,833.42,832.47,2.154,24974,24974,0,100.0,832.47,1204.61,2232.16,886.77,1695,950.35,116.8,169,1081.4,1810,32,270,8.44,3.83,70.00
PT,0.95,9,754.05,745.37,2.198,22361,22361,0,100.0,745.37,76.48,133.74,11.62,57,10.05,118.1,168,195.7,222,32,201,6.28,3.80,80.00
PT,0.50,11,396.87,397.00,1.706,11910,11910,0,100.0,397.00,60.70,76.20,0.00,0,0.00,109.2,161,159.2,175,15,95,6.33,3.57,71.00
PT,0.95,19,754.05,756.60,2.232,22698,22698,0,100.0,756.60,85.73,144.49,16.52,58,17.21,117.0,181,199.3,233,30,220,7.33,4.23,68.00
VT,0.65,16,515.93,514.40,2.170,15432,15432,0,100.0,514.40,62.83,79.81,0.00,0,0.00,112.4,170,132.0,132,21,180,8.57,3.87,53.00
VT,1.05,14,833.42,831.50,2.789,24945,24945,0,100.0,831.50,937.78,1447.50,707.60,1160,727.39,115.2,169,132.0,132,35,212,6.06,3.83,72.00
VT,1.05,8,833.42,830.90,2.912,24927,24927,0,100.0,830.90,1295.63,2111.88,968.77,1608,1024.19,124.3,185,132.0,132,33,253,7.67,4.37,116.00
VT,0.65,9,515.93,514.43,2.220,15433,15433,0,100.0,514.43,63.76,81.31,0.01,1,0.40,112.4,149,132.0,132,21,167,7.95,3.17,51.00
VT,0.85,17,674.67,675.93,2.399,20278,20278,0,100.0,675.93,63.67,86.38,1.07,16,0.46,117.1,166,132.0,132,26,191,7.35,3.73,29.00
PT,0.60,14,476.24,472.13,1.919,14164,14164,0,100.0,472.13,62.33,78.97,0.00,0,0.00,116.8,168,165.2,180,17,120,7.06,3.80,114.00
PT,0.95,3,754.05,754.33,2.230,22630,22630,0,100.0,754.33,99.53,246.73,26.64,134,27.56,116.7,169,208.7,332,30,218,7.27,3.83,16.00
PT,0.60,8,476.24,477.77,1.882,14333,14333,0,100.0,477.77,60.98,76.26,0.00,0,0.00,114.0,165,161.8,174,18,108,6.00,3.70,10.00
VT,0.80,14,634.99,635.13,2.425,19054,19054,0,100.0,635.13,64.43,85.23,0.30,13,0.91,118.3,170,132.0,132,24,204,8.50,3.87,57.00
VT,1.05,15,833.42,829.80,2.788,24894,24894,0,100.0,829.80,751.51,1104.92,558.89,877,571.33,111.7,162,132.0,132,35,219,6.26,3.60,42.00
VT,1.05,20,833.42,823.63,2.784,24709,24709,0,100.0,823.63,716.96,1132.38,524.59,906,538.63,132.8,194,132.0,132,28,219,7.82,4.67,103.00
VT,0.70,14,555.61,555.03,2.206,16651,16651,0,100.0,555.03,61.81,77.17,0.01,1,0.00,119.7,170,132.0,132,23,157,6.83,3.87,12.00
PT,0.75,16,595.30,602.70,2.057,18081,18081,0,100.0,602.70,62.11,80.94,0.22,13,0.00,113.4,163,171.7,193,22,124,5.64,3.63,110.00
VT,0.95,17,754.05,745.07,2.514,22352,22352,0,100.0,745.07,69.96,108.91,6.01,37,5.19,115.0,168,132.0,132,29,208,7.17,3.80,52.00
VT,0.30,11,238.12,240.40,1.569,7212,7212,0,100.0,240.40,62.17,68.27,0.00,0,0.00,115.3,171,132.0,132,8,39,4.88,3.90,98.00
VT,0.75,14,595.30,595.53,2.310,17866,17866,0,100.0,595.53,63.07,82.14,0.23,13,0.05,114.9,168,132.0,132,22,158,7.18,3.83,53.00
PT,0.50,17,396.87,398.13,1.811,11944,11944,0,100.0,398.13,61.57,75.67,0.00,0,0.00,114.5,172,157.6,172,15,86,5.73,3.93,23.00
PT,0.30,1,238.12,242.10,1.535,7263,7263,0,100.0,242.10,61.29,69.27,0.00,0,0.00,115.1,170,147.9,157,9,41,4.56,3.87,20.00
VT,0.70,5,555.61,552.10,2.267,16563,16563,0,100.0,552.10,62.87,80.11,0.03,5,0.00,118.3,171,132.0,132,20,169,8.45,3.93,93.00
VT,0.80,5,634.99,633.23,2.366,18997,18997,0,100.0,633.23,63.47,82.00,0.29,6,0.30,112.7,165,132.0,132,24,159,6.63,3.70,25.00
VT,1.05,19,833.42,825.40,2.779,24762,24762,0,100.0,825.40,674.92,1158.70,489.92,917,505.08,117.2,166,132.0,132,35,242,6.91,3.73,40.00
PT,0.85,7,674.67,681.77,2.108,20453,20453,0,100.0,681.77,65.11,99.30,1.82,25,1.44,109.0,164,179.2,204,25,160,6.40,3.67,102.00
PT,0.85,8,674.67,677.03,2.133,20311,20311,0,100.0,677.03,63.73,96.07,1.47,26,0.50,119.4,165,177.8,208,25,148,5.92,3.70,82.00
VT,0.85,13,674.67,678.57,2.394,20357,20357,0,100.0,678.57,63.28,85.56,0.83,16,0.19,116.1,170,132.0,132,26,188,7.23,3.87,43.00
VT,0.60,10,476.24,472.17,2.037,14165,14165,0,100.0,472.17,60.92,72.54,0.00,0,0.00,115.9,170,132.0,132,17,90,5.29,3.87,96.00
PT,0.95,16,754.05,753.67,2.230,22610,22610,0,100.0,753.67,75.99,130.77,10.19,53,9.80,121.7,168,192.1,231,29,172,5.93,3.80,74.00
PT,0.80,6,634.99,629.43,2.010,18883,18883,0,100.0,629.43,62.54,85.12,0.56,15,0.00,113.4,163,177.4,196,24,159,6.63,3.63,20.00
PT,0.75,4,595.30,588.03,2.091,17641,17641,0,100.0,588.03,62.05,79.15,0.17,9,0.00,109.8,162,170.3,181,22,141,6.41,3.60,57.00
VT,0.50,4,396.87,395.50,1.942,11865,11865,0,100.0,395.50,61.80,71.29,0.00,0,0.00,115.5,169,132.0,132,14,92,6.57,3.83,90.00
PT,0.75,7,595.30,590.10,2.012,17703,17703,0,100.0,590.10,62.53,92.53,0.27,12,0.00,113.9,169,170.8,197,22,165,7.50,3.87,35.00
PT,0.60,16,476.24,477.83,1.918,14335,14335,0,100.0,477.83,61.79,76.51,0.00,0,0.00,113.1,166,163.8,180,17,125,7.35,3.73,115.00
VT,0.50,12,396.87,400.23,1.994,12007,12007,0,100.0,400.23,62.54,72.44,0.00,0,0.00,113.2,169,132.0,132,14,89,6.36,3.83,117.00
PT,1.05,8,833.42,834.67,2.189,25040,25040,0,100.0,834.67,1467.88,2367.46,1104.75,1858,1172.62,122.6,172,1307.9,2037,32,223,6.97,3.93,91.00
PT,1.05,14,833.42,826.73,2.155,24802,24802,0,100.0,826.73,1410.88,2275.10,1056.29,1685,1114.34,119.8,180,1255.7,1850,31,247,7.97,4.20,62.00
PT,0.75,6,595.30,592.03,2.003,17761,17761,0,100.0,592.03,61.62,78.85,0.34,11,0.00,113.7,168,171.2,187,24,125,5.21,3.80,60.00
VT,0.30,10,238.12,237.67,1.576,7130,7130,0,100.0,237.67,62.39,68.05,0.00,0,0.00,114.8,171,132.6,133,8,36,4.50,3.90,86.00
PT,0.80,18,634.99,642.57,2.089,19277,19277,0,100.0,642.57,64.03,99.17,1.50,22,0.67,118.9,171,178.7,204,24,159,6.63,3.93,43.00
PT,0.65,4,515.93,520.03,1.977,15601,15601,0,100.0,520.03,61.82,77.51,0.01,1,0.00,115.3,149,167.9,181,19,125,6.58,3.17,77.00
PT,0.30,7,238.12,237.87,1.489,7136,7136,0,100.0,237.87,61.20,69.97,0.00,0,0.00,116.2,170,149.1,158,9,48,5.33,3.87,9.00
PT,0.70,14,555.61,556.83,2.011,16705,16705,0,100.0,556.83,61.88,77.49,0.23,13,0.00,117.4,166,168.4,195,21,124,5.90,3.77,27.00
VT,0.70,6,555.61,557.27,2.258,16718,16718,0,100.0,557.27,62.83,79.18,0.03,4,0.00,113.2,171,132.0,132,20,176,8.80,3.90,110.00
VT,0.95,4,754.05,762.67,2.672,22880,22880,0,100.0,762.67,77.47,136.16,11.01,70,11.04,116.9,168,132.0,132,32,206,6.44,3.80,39.00
VT,0.75,6,595.30,587.87,2.318,17636,17636,0,100.0,587.87,63.09,80.29,0.18,7,0.05,117.2,170,132.0,132,22,173,7.86,3.87,75.00
PT,0.65,2,515.93,517.43,1.929,15523,15523,0,100.0,517.43,61.23,77.22,0.01,2,0.00,113.0,148,165.5,179,19,119,6.26,3.13,71.00
VT,0.70,4,555.61,556.17,2.298,16685,16685,0,100.0,556.17,63.08,79.00,0.07,6,0.05,112.1,166,132.0,132,20,169,8.45,3.73,101.00
VT,0.50,1,396.87,396.53,1.967,11896,11896,0,100.0,396.53,62.33,71.21,0.00,0,0.00,118.2,172,132.0,132,14,99,7.07,3.93,96.00
PT,0.50,1,396.87,392.77,1.752,11783,11783,0,100.0,392.77,60.53,74.47,0.00,0,0.00,117.5,169,157.9,167,14,98,7.00,3.83,114.00
VT,0.70,19,555.61,553.27,2.172,16598,16598,0,100.0,553.27,61.26,76.83,0.04,6,0.00,113.8,170,132.0,132,20,124,6.20,3.87,93.00
PT,0.50,12,396.87,391.40,1.746,11742,11742,0,100.0,391.40,60.67,74.98,0.00,0,0.00,115.3,169,157.1,167,14,90,6.43,3.83,106.00
VT,0.75,13,595.30,598.20,2.378,17946,17946,0,100.0,598.20,62.65,79.45,0.07,5,0.00,115.8,166,132.0,132,22,150,6.82,3.73,80.00
VT,0.60,6,476.24,474.00,2.182,14220,14220,0,100.0,474.00,62.71,73.73,0.00,0,0.00,117.3,167,132.0,132,17,128,7.53,3.77,103.00
PT,0.60,18,476.24,477.17,1.865,14315,14315,0,100.0,477.17,60.61,76.61,0.06,9,0.00,122.1,171,161.0,177,18,120,6.67,3.90,24.00
PT,0.70,9,555.61,556.63,2.033,16699,16699,0,100.0,556.63,61.60,78.27,0.12,7,0.00,120.2,172,167.3,183,21,126,6.00,3.93,40.00
PT,0.85,11,674.67,678.33,2.098,20350,20350,0,100.0,678.33,64.50,102.29,1.52,29,1.02,123.4,172,180.6,216,25,154,6.16,3.93,76.00
VT,0.75,8,595.30,598.03,2.322,17941,17941,0,100.0,598.03,62.68,78.93,0.10,6,0.00,113.2,168,132.7,133,22,161,7.32,3.80,85.00
PT,0.95,18,754.05,756.77,2.214,22703,22703,0,100.0,756.77,76.73,131.97,10.23,58,10.40,116.1,169,190.2,226,32,206,6.44,3.83,67.00
PT,0.95,8,754.05,754.60,2.152,22638,22638,0,100.0,754.60,84.96,178.31,16.63,85,16.58,118.5,172,198.4,260,28,228,8.14,3.93,92.00
PT,0.95,10,754.05,753.93,2.259,22618,22618,0,100.0,753.93,91.41,164.79,20.71,71,21.43,116.9,167,204.4,254,30,194,6.47,3.77,136.00
PT,0.60,19,476.24,473.03,1.906,14191,14191,0,100.0,473.03,61.34,76.37,0.01,1,0.00,117.9,173,163.1,172,19,132,6.95,3.97,39.00
VT,0.30,7,238.12,236.10,1.562,7083,7083,0,100.0,236.10,62.11,68.00,0.00,0,0.00,115.8,171,132.0,132,8,41,5.13,3.90,55.00
VT,0.50,6,396.87,394.90,1.978,11847,11847,0,100.0,394.90,62.46,71.43,0.00,0,0.00,119.8,175,132.0,132,14,78,5.57,4.07,36.00
PT,0.30,13,238.12,242.10,1.493,7263,7263,0,100.0,242.10,60.77,66.62,0.00,0,0.00,120.2,176,146.1,152,8,40,5.00,4.07,120.00
PT,0.50,3,396.87,400.90,1.792,12027,12027,0,100.0,400.90,61.02,74.80,0.00,0,0.00,115.8,174,159.8,168,14,85,6.07,4.03,89.00
VT,0.30,15,238.12,235.23,1.609,7057,7057,0,100.0,235.23,63.26,68.21,0.00,0,0.06,114.8,169,132.0,132,8,29,3.63,3.83,52.00
VT,1.05,16,833.42,849.53,2.868,25486,25486,0,100.0,849.53,1494.91,2504.02,1142.70,1957,1216.46,116.9,165,132.0,132,35,260,7.43,3.70,77.00
VT,0.50,18,396.87,401.57,1.891,12047,12047,0,100.0,401.57,61.16,70.95,0.00,0,0.00,116.8,169,132.0,132,14,81,5.79,3.83,72.00
VT,0.65,20,515.93,509.00,2.195,15270,15270,0,100.0,509.00,62.48,77.05,0.00,0,0.00,122.4,175,132.0,132,18,166,9.22,4.03,83.00
PT,0.50,18,396.87,400.07,1.805,12002,12002,0,100.0,400.07,61.04,75.00,0.00,0,0.00,119.0,176,158.9,175,14,93,6.64,4.07,91.00
VT,1.05,10,833.42,843.57,2.808,25307,25307,0,100.0,843.57,1502.09,2426.05,1139.94,1885,1213.97,118.2,173,133.0,133,35,254,7.26,3.97,20.00
VT,0.50,17,396.87,397.13,1.999,11914,11914,0,100.0,397.13,62.57,71.96,0.00,0,0.00,118.1,175,132.0,132,14,92,6.57,4.03,37.00
PT,0.30,19,238.12,237.57,1.451,7127,7127,0,100.0,237.57,60.63,67.90,0.00,0,0.00,114.0,166,146.6,154,8,35,4.38,3.77,106.00
VT,0.60,12,476.24,472.27,2.165,14168,14168,0,100.0,472.27,62.29,72.34,0.00,0,0.00,117.0,175,132.2,133,17,112,6.59,4.03,38.00
VT,1.05,4,833.42,824.40,2.852,24732,24732,0,100.0,824.40,822.20,1344.45,609.37,1041,625.89,124.7,175,133.0,133,34,254,7.47,4.03,31.00
VT,0.85,14,674.67,673.07,2.400,20192,20192,0,100.0,673.07,63.76,86.71,1.03,19,0.51,119.0,167,132.5,133,25,190,7.60,3.77,24.00
VT,0.75,17,595.30,590.97,2.308,17729,17729,0,100.0,590.97,63.16,80.75,0.03,2,0.10,120.5,174,132.0,132,21,180,8.57,4.00,97.00
VT,0.30,16,238.12,239.47,1.594,7184,7184,0,100.0,239.47,63.35,68.50,0.00,0,0.09,112.6,174,132.0,132,8,31,3.88,4.00,75.00
VT,0.65,14,515.93,513.63,2.269,15409,15409,0,100.0,513.63,63.28,76.38,0.01,1,0.15,115.4,174,132.0,132,18,135,7.50,4.03,87.00
PT,0.60,17,476.24,473.30,1.897,14199,14199,0,100.0,473.30,60.84,75.51,0.00,0,0.00,115.9,173,163.4,171,17,102,6.00,3.97,70.00
VT,0.65,13,515.93,518.67,2.135,15560,15560,0,100.0,518.67,61.38,75.60,0.00,0,0.00,116.3,175,132.0,132,18,119,6.61,4.03,99.00
PT,0.65,11,515.93,509.53,1.905,15286,15286,0,100.0,509.53,61.61,78.15,0.00,0,0.00,114.2,176,164.0,191,18,147,8.17,4.07,90.00
PT,0.60,15,476.24,479.87,1.915,14396,14396,0,100.0,479.87,62.06,76.97,0.06,7,0.00,119.8,174,164.8,186,17,125,7.35,4.00,84.00
VT,0.75,9,595.30,598.37,2.228,17951,17951,0,100.0,598.37,61.99,81.66,0.12,12,0.00,118.7,173,133.7,134,22,160,7.27,3.97,21.00
VT,0.65,19,515.93,519.43,2.193,15583,15583,0,100.0,519.43,62.20,76.28,0.00,0,0.00,111.1,151,132.7,134,19,121,6.37,3.23,69.00
VT,0.65,10,515.93,514.60,2.210,15438,15438,0,100.0,514.60,62.30,76.03,0.00,0,0.00,115.2,149,132.0,132,19,144,7.58,3.17,72.00
PT,0.75,15,595.30,596.70,2.006,17901,17901,0,100.0,596.70,63.28,136.10,0.83,61,0.17,114.7,163,177.5,269,23,142,6.17,3.63,29.00
PT,0.30,4,238.12,240.03,1.470,7201,7201,0,100.0,240.03,60.93,69.83,0.00,0,0.00,114.9,168,148.2,156,9,54,6.00,3.80,6.00
VT,0.80,11,634.99,632.73,2.421,18982,18982,0,100.0,632.73,64.11,83.61,0.31,9,0.71,118.2,171,132.0,132,24,183,7.63,3.93,25.00
PT,0.70,4,555.61,562.23,2.013,16867,16867,0,100.0,562.23,61.57,77.75,0.05,4,0.00,117.3,169,169.5,182,21,128,6.10,3.83,34.00
PT,0.30,20,238.12,238.40,1.497,7152,7152,0,100.0,238.40,60.69,70.70,0.00,0,0.00,119.1,169,147.9,157,8,51,6.38,3.83,118.00
PT,0.75,8,595.30,595.03,2.064,17851,17851,0,100.0,595.03,62.82,86.79,0.29,10,0.00,116.1,169,171.0,186,22,156,7.09,3.87,52.00
PT,1.05,7,833.42,843.00,2.151,25290,25290,0,100.0,843.00,1492.39,2849.97,1102.16,2180,1204.98,117.4,167,1306.7,2289,35,242,6.91,3.77,78.00
VT,0.85,19,674.67,680.90,2.463,20427,20427,0,100.0,680.90,64.67,86.68,1.06,15,1.14,119.4,165,132.0,132,26,192,7.38,3.70,48.00
VT,0.95,5,754.05,758.73,2.636,22762,22762,0,100.0,758.73,80.53,151.91,12.83,66,13.31,121.8,167,132.0,132,32,252,7.88,3.77,29.00
VT,0.60,16,476.24,470.23,2.215,14107,14107,0,100.0,470.23,62.96,72.61,0.00,0,0.00,113.7,171,132.0,132,17,101,5.94,3.90,80.00
PT,0.30,14,238.12,234.63,1.483,7039,7039,0,100.0,234.63,61.15,70.20,0.00,0,0.00,120.3,171,147.1,159,9,42,4.67,3.90,6.00
VT,0.85,8,674.67,678.37,2.479,20351,20351,0,100.0,678.37,64.49,85.54,0.72,11,1.02,125.9,172,132.0,132,25,183,7.32,3.93,83.00
PT,0.80,5,634.99,636.77,2.117,19103,19103,0,100.0,636.77,63.07,87.78,0.54,11,0.05,116.7,168,175.8,192,24,161,6.71,3.80,23.00
VT,0.95,14,754.05,750.10,2.627,22503,22503,0,100.0,750.10,73.26,125.18,7.66,47,7.70,115.9,168,132.0,132,29,244,8.41,3.80,86.00
VT,0.70,12,555.61,554.97,2.285,16649,16649,0,100.0,554.97,63.13,79.09,0.04,3,0.08,108.8,161,132.0,132,22,181,8.23,3.57,110.00
PT,0.80,10,634.99,632.37,2.024,18971,18971,0,100.0,632.37,62.06,90.89,0.97,20,0.00,119.7,170,175.1,202,24,156,6.50,3.83,33.00
PT,0.70,15,555.61,559.67,1.997,16790,16790,0,100.0,559.67,61.99,78.70,0.10,9,0.00,114.6,160,167.4,187,21,135,6.43,3.53,22.00
PT,0.85,19,674.67,673.10,2.052,20193,20193,0,100.0,673.10,63.01,93.30,1.60,31,0.01,128.2,172,177.2,201,25,134,5.36,3.93,103.00
VT,0.70,11,555.61,550.53,2.208,16516,16516,0,100.0,550.53,61.94,77.64,0.02,3,0.00,113.3,166,132.0,132,20,149,7.45,3.73,106.00
VT,0.60,11,476.24,472.03,2.099,14161,14161,0,100.0,472.03,61.46,71.81,0.00,0,0.00,113.5,166,132.0,132,17,111,6.53,3.73,93.00
VT,0.50,14,396.87,396.77,1.942,11903,11903,0,100.0,396.77,61.84,71.99,0.00,0,0.00,113.7,166,132.0,132,14,95,6.79,3.73,105.00
PT,0.60,10,476.24,478.60,1.896,14358,14358,0,100.0,478.60,61.67,77.00,0.00,0,0.00,114.2,163,163.6,176,18,134,7.44,3.63,16.00
VT,0.95,7,754.05,755.30,2.699,22659,22659,0,100.0,755.30,77.27,149.64,10.46,71,10.78,114.6,167,132.0,132,29,228,7.86,3.77,43.00
PT,0.75,18,595.30,586.43,1.931,17593,17593,0,100.0,586.43,61.23,82.48,0.25,9,0.00,113.1,169,168.1,192,22,130,5.91,3.83,60.00
PT,0.50,20,396.87,399.70,1.715,11991,11991,0,100.0,399.70,60.34,74.94,0.00,0,0.00,116.3,169,157.2,169,15,100,6.67,3.83,15.00
PT,0.70,1,555.61,558.70,2.026,16761,16761,0,100.0,558.70,62.35,81.37,0.14,9,0.00,114.0,171,165.2,177,21,159,7.57,3.90,15.00
PT,0.70,6,555.61,557.40,2.011,16722,16722,0,100.0,557.40,62.11,78.81,0.12,5,0.00,116.3,164,167.6,180,21,152,7.24,3.67,36.00
VT,0.80,20,634.99,631.97,2.351,18959,18959,0,100.0,631.97,63.48,83.83,0.52,13,0.31,115.6,166,132.0,132,24,220,9.17,3.73,25.00
VT,0.80,2,634.99,636.67,2.429,19100,19100,0,100.0,636.67,63.89,84.24,0.27,10,0.57,115.6,170,132.0,132,24,206,8.58,3.87,36.00
PT,1.05,19,833.42,835.70,2.045,25071,25071,0,100.0,835.70,1762.88,2649.12,1335.29,1953,1420.59,121.8,176,1544.7,2145,30,266,8.87,4.07,85.00
VT,0.50,20,396.87,393.30,1.973,11799,11799,0,100.0,393.30,62.38,71.63,0.00,0,0.00,119.0,171,132.0,132,16,85,5.31,3.90,75.00
VT,0.80,15,634.99,630.73,2.444,18922,18922,0,100.0,630.73,63.81,82.63,0.38,12,0.51,112.3,169,132.0,132,24,184,7.67,3.83,25.00
PT,0.80,15,634.99,630.27,2.057,18908,18908,0,100.0,630.27,61.66,82.92,0.49,13,0.00,116.1,169,173.1,189,24,131,5.46,3.83,27.00
VT,0.50,13,396.87,396.70,2.030,11901,11901,0,100.0,396.70,63.30,72.21,0.00,0,0.12,116.3,167,132.0,132,14,96,6.86,3.77,97.00
PT,0.50,5,396.87,400.87,1.711,12026,12026,0,100.0,400.87,60.30,75.34,0.00,0,0.00,116.8,172,156.9,170,15,115,7.67,3.93,19.00
VT,0.70,18,555.61,558.07,2.208,16742,16742,0,100.0,558.07,61.38,75.56,0.09,6,0.00,114.1,170,132.0,132,21,140,6.67,3.87,22.00
VT,0.95,10,754.05,750.93,2.638,22528,22528,0,100.0,750.93,74.89,154.46,8.74,84,8.93,114.0,161,132.0,132,29,228,7.86,3.57,37.00
PT,0.65,14,515.93,522.03,1.937,15661,15661,0,100.0,522.03,61.40,77.29,0.00,0,0.00,120.4,168,165.7,179,19,111,5.84,3.80,87.00
PT,1.05,17,833.42,834.17,2.182,25025,25025,0,100.0,834.17,1557.04,2581.62,1167.59,2046,1246.28,125.9,185,1376.1,2186,30,245,8.17,4.37,62.00
VT,0.30,2,238.12,237.33,1.559,7120,7120,0,100.0,237.33,62.17,67.80,0.00,0,0.00,113.1,171,133.0,134,10,44,4.40,3.90,101.00
PT,0.65,6,515.93,507.17,1.971,15215,15215,0,100.0,507.17,62.07,78.61,0.11,15,0.00,100.4,143,168.0,187,19,146,7.68,2.97,43.00
VT,1.05,7,833.42,832.00,2.711,24960,24960,0,100.0,832.00,548.95,1030.33,394.83,774,404.32,117.5,167,133.2,134,35,226,6.46,3.77,67.00
VT,0.75,15,595.30,589.10,2.374,17673,17673,0,100.0,589.10,63.68,80.24,0.03,2,0.40,119.4,168,132.0,132,22,186,8.45,3.80,99.00
PT,0.60,3,476.24,481.43,1.883,14443,14443,0,100.0,481.43,60.42,74.99,0.00,0,0.00,113.9,171,160.6,170,18,109,6.06,3.90,34.00
VT,0.80,19,634.99,629.17,2.404,18875,18875,0,100.0,629.17,63.43,82.16,0.38,7,0.28,114.9,168,132.0,132,24,187,7.79,3.80,38.00
PT,0.60,4,476.24,475.10,1.847,14253,14253,0,100.0,475.10,60.58,75.73,0.00,0,0.00,119.0,170,160.1,180,17,119,7.00,3.87,114.00
VT,0.70,9,555.61,561.90,2.279,16857,16857,0,100.0,561.90,62.75,79.81,0.13,10,0.00,116.0,172,132.0,132,21,155,7.38,3.93,32.00
PT,0.30,6,238.12,233.93,1.425,7018,7018,0,100.0,233.93,59.79,67.77,0.00,0,0.00,118.5,170,146.5,156,9,31,3.44,3.87,3.00
PT,0.80,4,634.99,638.93,2.074,19168,19168,0,100.0,638.93,62.78,90.79,0.77,20,0.00,115.1,171,176.2,190,24,152,6.33,3.93,39.00
PT,0.60,2,476.24,477.90,1.944,14337,14337,0,100.0,477.90,61.46,75.84,0.01,1,0.00,119.2,171,161.1,175,17,106,6.24,3.90,108.00
PT,0.95,15,754.05,756.03,2.274,22681,22681,0,100.0,756.03,83.27,158.25,15.26,80,15.33,120.6,171,198.3,262,29,198,6.83,3.90,94.00
VT,0.95,12,754.05,755.43,2.593,22663,22663,0,100.0,755.43,66.46,96.73,4.31,37,2.62,119.1,170,132.1,133,29,117,4.03,3.87,59.00
PT,0.75,2,595.30,595.63,2.054,17869,17869,0,100.0,595.63,62.28,82.45,0.32,12,0.00,112.1,170,172.9,193,22,114,5.18,3.87,59.00
VT,0.95,20,754.05,751.70,2.564,22551,22551,0,100.0,751.70,70.80,118.75,5.99,37,5.87,118.0,173,132.8,133,29,208,7.17,3.97,58.00
VT,0.75,16,595.30,602.07,2.326,18062,18062,0,100.0,602.07,63.08,81.41,0.15,7,0.05,121.1,172,132.0,132,22,184,8.36,3.93,87.00
VT,0.60,20,476.24,480.73,2.127,14422,14422,0,100.0,480.73,61.84,73.55,0.00,0,0.00,116.1,169,132.0,132,18,123,6.83,3.83,26.00
PT,0.65,13,515.93,511.23,1.973,15337,15337,0,100.0,511.23,61.23,77.04,0.01,1,0.00,107.0,145,163.0,180,19,124,6.53,3.03,48.00
PT,0.85,14,674.67,669.83,2.080,20095,20095,0,100.0,669.83,63.51,90.48,0.94,20,0.34,114.5,169,177.4,206,25,142,5.68,3.83,78.00
PT,0.70,7,555.61,550.97,1.994,16529,16529,0,100.0,550.97,61.69,78.23,0.00,0,0.00,116.7,170,169.1,181,20,134,6.70,3.87,108.00
PT,0.70,13,555.61,555.53,1.961,16666,16666,0,100.0,555.53,61.37,79.12,0.19,12,0.00,113.2,164,164.9,176,21,143,6.81,3.67,15.00
VT,0.60,8,476.24,475.63,2.046,14269,14269,0,100.0,475.63,60.76,71.78,0.00,0,0.00,119.3,170,132.0,132,18,109,6.06,3.87,10.00
PT,0.50,2,396.87,395.47,1.731,11864,11864,0,100.0,395.47,60.10,74.18,0.00,0,0.00,115.4,171,156.8,177,15,84,5.60,3.90,38.00
VT,0.65,15,515.93,510.47,2.226,15314,15314,0,100.0,510.47,63.01,78.55,0.00,0,0.01,130.6,171,132.0,132,19,164,8.63,3.90,45.00
PT,1.05,3,833.42,838.70,2.158,25161,25161,0,100.0,838.70,1750.43,2804.02,1323.58,2098,1415.26,124.2,198,1520.0,2259,30,235,7.83,4.80,140.00
PT,0.75,10,595.30,596.03,2.013,17881,17881,0,100.0,596.03,61.80,84.94,0.40,15,0.00,118.4,176,172.8,186,23,143,6.22,4.07,92.00
PT,0.70,11,555.61,552.67,1.987,16580,16580,0,100.0,552.67,61.99,77.98,0.03,2,0.00,114.3,175,169.1,184,20,119,5.95,4.03,33.00
PT,1.05,11,833.42,833.20,2.169,24996,24996,0,100.0,833.20,1635.14,2561.23,1229.45,2033,1309.91,125.7,191,1433.8,2215,30,240,8.00,4.57,56.00
VT,0.95,16,754.05,759.33,2.669,22780,22780,0,100.0,759.33,80.31,172.09,13.02,93,13.15,121.8,180,132.0,132,29,237,8.17,4.20,73.00
PT,0.30,5,238.12,238.50,1.466,7155,7155,0,100.0,238.50,60.56,68.34,0.00,0,0.00,115.4,171,146.9,162,8,36,4.50,3.90,104.00
PT,1.05,1,833.42,830.70,2.154,24921,24921,0,100.0,830.70,1482.19,2541.29,1100.72,1921,1178.92,123.3,171,1299.8,2096,31,210,6.77,3.93,67.00
PT,0.95,7,754.05,754.47,2.253,22634,22634,0,100.0,754.47,77.40,148.04,11.05,76,10.87,127.4,194,192.3,236,23,125,5.43,4.67,78.00
PT,0.50,16,396.87,408.17,1.798,12245,12245,0,100.0,408.17,61.06,75.16,0.00,0,0.00,123.0,178,157.7,173,16,109,6.81,4.13,67.00
PT,0.60,12,476.24,481.67,1.910,14450,14450,0,100.0,481.67,61.62,77.64,0.00,0,0.00,115.4,169,164.8,178,17,117,6.88,3.83,81.00
VT,0.30,9,238.12,233.63,1.549,7009,7009,0,100.0,233.63,62.48,68.27,0.00,0,0.00,117.1,171,132.0,132,8,28,3.50,3.90,50.00
VT,0.85,7,674.67,675.37,2.450,20261,20261,0,100.0,675.37,63.35,83.66,0.74,14,0.24,123.3,167,132.0,132,25,171,6.84,3.80,96.00
VT,0.60,1,476.24,479.70,2.134,14391,14391,0,100.0,479.70,62.01,73.92,0.00,0,0.00,112.3,168,132.0,132,17,116,6.82,3.80,118.00
PT,0.70,17,555.61,559.97,1.929,16799,16799,0,100.0,559.97,61.40,79.49,0.22,9,0.00,115.5,170,166.9,185,21,116,5.52,3.87,45.00
VT,0.50,10,396.87,393.80,1.952,11814,11814,0,100.0,393.80,62.12,71.72,0.00,0,0.00,113.5,170,132.0,132,14,81,5.79,3.87,94.00
PT,0.75,19,595.30,598.57,2.099,17957,17957,0,100.0,598.57,62.46,83.57,0.33,9,0.00,113.5,165,172.0,190,22,141,6.41,3.70,92.00
PT,0.65,5,515.93,516.80,1.953,15504,15504,0,100.0,516.80,62.18,77.87,0.08,10,0.00,121.9,156,165.4,186,19,143,7.53,3.40,75.00
PT,0.70,18,555.61,558.73,1.950,16762,16762,0,100.0,558.73,61.78,79.95,0.29,13,0.00,112.1,168,170.9,195,20,135,6.75,3.80,113.00
PT,0.80,13,634.99,632.33,2.099,18970,18970,0,100.0,632.33,62.89,85.84,0.46,13,0.00,116.2,169,174.2,194,24,155,6.46,3.83,34.00
PT,0.80,14,634.99,632.50,2.059,18975,18975,0,100.0,632.50,63.18,89.38,0.61,17,0.12,118.4,164,174.3,185,24,156,6.50,3.67,27.00
PT,0.80,9,634.99,635.80,1.982,19074,19074,0,100.0,635.80,62.38,94.79,1.00,20,0.00,120.0,170,173.8,200,24,188,7.83,3.87,97.00
VT,0.50,19,396.87,398.43,1.932,11953,11953,0,100.0,398.43,61.65,71.37,0.00,0,0.00,114.3,170,133.2,134,14,97,6.93,3.87,108.00
VT,1.05,3,833.42,826.50,2.896,24795,24795,0,100.0,826.50,1033.51,1671.62,767.34,1297,802.13,119.4,170,132.7,134,35,243,6.94,3.87,71.00
PT,0.75,14,595.30,593.93,1.993,17818,17818,0,100.0,593.93,61.91,84.26,0.41,12,0.00,120.7,171,170.5,194,22,148,6.73,3.90,95.00
PT,1.05,12,833.42,835.90,2.085,25077,25077,0,100.0,835.90,1670.79,2484.79,1271.83,1866,1343.96,116.8,169,1471.4,2011,30,238,7.93,3.83,122.00
PT,0.70,8,555.61,554.17,2.007,16625,16625,0,100.0,554.17,62.31,78.04,0.12,11,0.00,122.7,172,169.0,181,23,158,6.87,3.93,30.00
PT,0.85,2,674.67,664.23,2.045,19927,19927,0,100.0,664.23,64.79,101.04,1.71,28,1.20,117.6,171,180.2,203,25,175,7.00,3.90,103.00
PT,0.50,6,396.87,394.60,1.757,11838,11838,0,100.0,394.60,60.93,74.87,0.00,0,0.00,115.0,170,157.3,169,14,84,6.00,3.87,113.00
PT,0.50,15,396.87,403.90,1.792,12117,12117,0,100.0,403.90,60.63,75.04,0.00,0,0.00,116.9,171,158.0,165,15,110,7.33,3.93,38.00
VT,0.50,16,396.87,395.83,1.978,11875,11875,0,100.0,395.83,62.24,71.62,0.00,0,0.00,117.8,172,132.0,132,14,89,6.36,3.93,98.00
VT,0.95,9,754.05,756.80,2.650,22704,22704,0,100.0,756.80,76.33,155.10,9.13,60,10.10,116.4,169,132.0,132,29,227,7.83,3.83,43.00
VT,1.05,1,833.42,827.03,2.734,24811,24811,0,100.0,827.03,618.40,1090.79,446.74,833,459.34,119.1,195,132.0,132,32,244,7.63,4.70,53.00
PT,0.80,11,634.99,634.80,2.072,19044,19044,0,100.0,634.80,63.43,91.72,1.03,14,0.27,121.3,176,173.9,191,25,200,8.00,4.07,56.00
