Scenario,Pool_Size,Iteration,Arrival_Rate_RPS,Throughput_RPS,Mean_Latency_ms,P99_ms,Heap_MB,Thread_Count
VT_IO_Wait,10,1,271720.86,2239.69,8850.91,15653.52,793,37
VT_IO_Wait,10,2,488469.08,2409.27,8855.54,15113.53,1040,37
VT_IO_Wait,10,3,472824.98,2539.24,8149.76,14098.90,1001,37
VT_IO_Wait,10,4,626490.85,2649.51,7697.40,13368.83,701,37
VT_IO_Wait,10,5,737986.96,2581.16,8141.89,14094.04,773,37
VT_IO_Wait,10,6,495777.22,2698.87,7601.96,13328.13,621,37
VT_IO_Wait,10,7,376992.88,2625.31,7798.31,13693.72,852,37
VT_IO_Wait,10,8,360391.85,2637.55,7668.31,13918.03,807,37
VT_IO_Wait,25,1,339284.09,2675.31,7804.91,13510.31,695,37
VT_IO_Wait,25,2,416004.96,1627.74,10933.68,22978.20,1043,37
VT_IO_Wait,25,3,111968.01,1950.56,9237.87,18935.89,717,37
VT_IO_Wait,25,4,444047.76,1936.93,11401.91,18144.84,654,37
VT_IO_Wait,25,5,408034.61,2710.31,7585.71,13131.18,839,37
VT_IO_Wait,25,6,432120.84,2758.36,7424.49,12959.70,968,37
VT_IO_Wait,25,7,382544.13,2727.91,7500.60,13275.29,903,37
VT_IO_Wait,25,8,536630.39,2742.14,7431.35,13006.03,669,37
VT_IO_Wait,50,1,162765.12,2844.57,7283.88,12802.66,783,37
VT_IO_Wait,50,2,563057.51,2986.65,6804.81,11780.43,1057,37
VT_IO_Wait,50,3,484705.72,2876.33,6998.93,12231.03,1164,37
VT_IO_Wait,50,4,559411.61,2982.88,6837.97,11745.05,1289,37
VT_IO_Wait,50,5,386573.15,3041.73,6585.67,11539.96,841,37
VT_IO_Wait,50,6,423456.98,2930.06,6895.36,11996.33,1121,36
VT_IO_Wait,50,7,389626.58,2718.47,7784.93,13275.23,1212,36
VT_IO_Wait,50,8,459464.86,3037.98,6599.82,11461.90,1009,36
VT_IO_Wait,100,1,430382.88,2969.30,6994.45,12080.66,1173,37
VT_IO_Wait,100,2,332707.57,3127.82,6422.44,10744.98,798,36
VT_IO_Wait,100,3,370475.34,3171.28,6404.23,10880.33,1413,36
VT_IO_Wait,100,4,624172.00,2932.57,6700.38,11935.42,808,36
VT_IO_Wait,100,5,615126.26,3016.53,6742.27,11357.84,973,37
VT_IO_Wait,100,6,312342.61,3184.81,6387.06,10923.38,1204,37
VT_IO_Wait,100,7,332257.37,3127.68,6365.94,11047.80,895,37
VT_IO_Wait,100,8,404846.83,3131.02,6441.78,10843.37,1383,37
VT_IO_Wait,200,1,273679.80,3161.68,6335.70,11458.01,797,38
VT_IO_Wait,200,2,742373.96,3142.76,6471.05,10969.38,827,38
VT_IO_Wait,200,3,590548.86,3213.35,6274.88,10809.76,1179,37
VT_IO_Wait,200,4,317653.94,3116.24,6428.10,11208.58,911,37
VT_IO_Wait,200,5,361816.10,3186.17,6348.06,10884.01,735,37
VT_IO_Wait,200,6,382760.47,3093.57,6398.04,11114.87,1044,37
VT_IO_Wait,200,7,623379.21,3065.00,6628.81,11303.59,859,37
VT_IO_Wait,200,8,636540.28,3130.13,6338.77,11196.34,1049,37
